{"type":"FeatureCollection","features":[{"type":"Feature","properties":{},"geometry":{"type":"LineString","coordinates":[[129.783214,31.799628],[129.776703,31.779527],[129.767751,31.759345],[129.753591,31.743801],[129.7317,31.737616],[129.716645,31.730373],[129.690603,31.700198],[129.676298,31.666966],[129.655381,31.659785],[129.659374,31.641935],[129.677694,31.6297],[129.695977,31.621447],[129.719249,31.637356],[129.72934,31.644232],[129.74171,31.676174],[129.776134,31.729478],[129.786388,31.737616],[129.799571,31.745429],[129.798595,31.763658],[129.790863,31.78441],[129.783214,31.799628]]}},{"type":"Feature","properties":{},"geometry":{"type":"LineString","coordinates":[[131.65979,32.47682],[131.678946,32.473907],[131.695486,32.468248],[131.717296,32.472968],[131.736501,32.491685],[131.718923,32.508734],[131.712657,32.511623],[131.695649,32.511461],[131.685069,32.522447],[131.68214,32.535061],[131.699067,32.564521],[131.704713,32.581575],[131.708793,32.585903],[131.729503,32.584052],[131.743337,32.587958],[131.749034,32.594062],[131.766856,32.620795],[131.770763,32.631741],[131.769786,32.639553],[131.76824,32.642401],[131.767833,32.64411],[131.770763,32.648749],[131.775645,32.653713],[131.788422,32.662991],[131.80064,32.680833],[131.816564,32.689146],[131.821938,32.702686],[131.833952,32.698665],[131.847911,32.68183],[131.855925,32.686084],[131.856994,32.700864],[131.859386,32.717678],[131.862153,32.720364],[131.866873,32.722724],[131.871104,32.726793],[131.872325,32.731635],[131.873057,32.734687],[131.873057,32.762356],[131.882498,32.783433],[131.92921,32.778266],[131.94809,32.793402],[131.962413,32.79267],[131.980724,32.799262],[131.996593,32.810533],[132.003429,32.824123],[131.997813,32.829657],[131.968516,32.826117],[131.955577,32.827541],[131.963715,32.839016],[131.972341,32.844468],[131.980968,32.848334],[131.989757,32.854804],[132.000173,32.871283],[131.99586,32.878363],[131.986664,32.88227],[131.982188,32.888902],[131.994802,32.903551],[132.025475,32.923596],[132.043714,32.927276],[132.064446,32.936215],[132.084115,32.933234],[132.081189,32.94323],[132.060744,32.946885],[132.03479,32.951291],[132.021831,32.936917],[132.013879,32.934393],[132.009776,32.939032],[132.010265,32.944159],[131.99822,32.93891],[131.990977,32.941718],[131.985606,32.947333],[131.979177,32.950385],[131.9699,32.94831],[131.959239,32.944525],[131.949701,32.959275],[131.934705,32.959507],[131.914596,32.976492],[131.903168,32.983059],[131.906774,33.011847],[131.922829,33.028655],[131.92955,33.04709],[131.94535,33.047499],[131.984009,33.045545],[132.009451,33.051174],[132.013438,33.06387],[131.996113,33.091711],[131.991466,33.068996],[131.985199,33.063178],[131.976085,33.060248],[131.967133,33.061672],[131.958018,33.067206],[131.950938,33.076158],[131.942384,33.092557],[131.934469,33.092018],[131.932618,33.07947],[131.929217,33.068271],[131.915831,33.069162],[131.905798,33.077296],[131.890859,33.079511],[131.880511,33.07504],[131.863217,33.082533],[131.868938,33.09434],[131.88435,33.109355],[131.911457,33.124815],[131.900401,33.129136],[131.868831,33.128767],[131.842621,33.113267],[131.809574,33.127649],[131.826661,33.152562],[131.830976,33.169713],[131.848744,33.187999],[131.864662,33.19307],[131.872244,33.200344],[131.871555,33.215419],[131.882195,33.236532],[131.902625,33.266042],[131.884449,33.268306],[131.850857,33.252219],[131.822174,33.244032],[131.762092,33.253543],[131.710862,33.270176],[131.700043,33.254096],[131.654535,33.271625],[131.612219,33.252936],[131.547862,33.25495],[131.528494,33.261217],[131.51038,33.273404],[131.498385,33.340666],[131.506029,33.363074],[131.532981,33.366113],[131.547374,33.352281],[131.556163,33.346381],[131.576289,33.346355],[131.596234,33.3494],[131.601085,33.364936],[131.60963,33.368801],[131.634613,33.373969],[131.638438,33.386664],[131.635427,33.40233],[131.64031,33.416571],[131.658702,33.422838],[131.674571,33.416164],[131.697436,33.406393],[131.706243,33.409583],[131.709282,33.432638],[131.727348,33.463539],[131.737295,33.484608],[131.729109,33.512548],[131.739919,33.5397],[131.737071,33.56037],[131.729538,33.580236],[131.713115,33.605439],[131.68955,33.641342],[131.667366,33.667192],[131.647227,33.669827],[131.627452,33.66767],[131.607188,33.677191],[131.590017,33.68301],[131.573802,33.680896],[131.551475,33.680444],[131.521045,33.676371],[131.498557,33.666985],[131.484032,33.653038],[131.475637,33.631566],[131.459314,33.616144],[131.423176,33.589054],[131.417703,33.581682],[131.36762,33.574802],[131.323093,33.581221],[131.283834,33.582369],[131.256464,33.604955],[131.219869,33.607545],[131.188699,33.616028],[131.145875,33.621634],[131.119972,33.626339],[131.102976,33.624253],[131.081309,33.634955],[131.064464,33.653266],[131.050792,33.681871],[131.019786,33.726549],[131.009776,33.746161],[131.006033,33.772284],[131.003591,33.77969],[131.006945,33.813088],[130.985511,33.808665],[130.965994,33.813056],[130.961681,33.81623],[130.961925,33.820054],[130.963574,33.833235],[130.979747,33.842719],[130.984335,33.848698],[130.990684,33.856827],[130.988081,33.864284],[130.984607,33.87396],[130.999829,33.873864],[131.001771,33.887229],[130.992929,33.897665],[131.004161,33.911078],[131.003591,33.916815],[131.006358,33.922919],[131.01531,33.935126],[131.018686,33.956262],[131.007148,33.966055],[130.976567,33.957367],[130.949471,33.938193],[130.941417,33.916815],[130.926036,33.899075],[130.913585,33.891181],[130.896983,33.889309],[130.880853,33.89594],[130.871199,33.913516],[130.861423,33.925568],[130.835869,33.925729],[130.821339,33.920287],[130.828228,33.939585],[130.790495,33.944411],[130.756049,33.943681],[130.731505,33.931849],[130.717052,33.937893],[130.705251,33.938707],[130.692393,33.937323],[130.684418,33.934231],[130.654063,33.896308],[130.633067,33.882473],[130.612071,33.879788],[130.564708,33.883287],[130.548188,33.880764],[130.542328,33.875963],[130.539073,33.869452],[130.530528,33.861558],[130.507579,33.849066],[130.497081,33.848131],[130.488943,33.855373],[130.477794,33.825141],[130.472179,33.817532],[130.462087,33.811184],[130.454356,33.807685],[130.449555,33.802232],[130.448009,33.789944],[130.455704,33.782232],[130.46676,33.780353],[130.469987,33.762869],[130.467674,33.743564],[130.452113,33.727974],[130.444591,33.718207],[130.428722,33.71369],[130.415294,33.702826],[130.402029,33.689399],[130.386485,33.677232],[130.345498,33.662472],[130.324122,33.664887],[130.310611,33.672618],[130.304966,33.687443],[130.294281,33.689239],[130.289263,33.681545],[130.2949,33.664351],[130.306981,33.655441],[130.318394,33.658381],[130.324787,33.653035],[130.336168,33.647678],[130.348972,33.64113],[130.361583,33.646226],[130.379242,33.659247],[130.398692,33.669135],[130.40326,33.658187],[130.407501,33.650468],[130.402408,33.630921],[130.399478,33.616111],[130.390866,33.604874],[130.37304,33.603145],[130.35805,33.597259],[130.330269,33.59792],[130.315307,33.597362],[130.305431,33.584947],[130.301524,33.579657],[130.295298,33.579043],[130.290294,33.574205],[130.285411,33.576972],[130.273244,33.582643],[130.265432,33.58858],[130.27545,33.603368],[130.271921,33.611668],[130.251475,33.607978],[130.245372,33.611762],[130.231384,33.618846],[130.227156,33.634844],[130.236501,33.644232],[130.2317,33.653306],[130.220551,33.659735],[130.208011,33.665076],[130.204763,33.639716],[130.197765,33.633612],[130.190684,33.630316],[130.181895,33.629055],[130.170746,33.628852],[130.159548,33.629596],[130.153839,33.618943],[130.156664,33.606506],[130.139415,33.594672],[130.129161,33.591254],[130.119395,33.591254],[130.109141,33.589748],[130.098481,33.581692],[130.093028,33.573432],[130.092052,33.566474],[130.096934,33.561713],[130.109141,33.559882],[130.117931,33.55683],[130.120372,33.543158],[130.129893,33.540025],[130.161876,33.546617],[130.174164,33.546861],[130.167979,33.534084],[130.156423,33.525377],[130.142751,33.520494],[130.129893,33.518988],[130.125987,33.516181],[130.115262,33.508951],[130.103845,33.511905],[130.085972,33.506532],[130.055294,33.495226],[130.044626,33.485741],[130.040212,33.461249],[130.028819,33.45067],[130.016856,33.445787],[129.988946,33.448851],[129.975389,33.454143],[129.966869,33.463027],[129.966902,33.472529],[129.962648,33.482607],[129.953331,33.473656],[129.941209,33.479537],[129.945545,33.490855],[129.956997,33.502782],[129.961274,33.512763],[129.942149,33.531684],[129.910059,33.547205],[129.885831,33.53584],[129.868789,33.5394],[129.853187,33.552502],[129.854579,33.532854],[129.836835,33.513254],[129.843951,33.481217],[129.866873,33.456732],[129.871349,33.442939],[129.862071,33.436998],[129.848888,33.44245],[129.841319,33.454413],[129.83546,33.466376],[129.81844,33.484212],[129.804245,33.481823],[129.797172,33.467582],[129.787257,33.454519],[129.796886,33.444485],[129.816392,33.426102],[129.868663,33.397447],[129.861863,33.390046],[129.871025,33.378178],[129.859008,33.367514],[129.846295,33.347965],[129.841328,33.315977],[129.847992,33.293402],[129.851573,33.280015],[129.837901,33.285386],[129.827159,33.293891],[129.819835,33.304755],[129.814708,33.330878],[129.814545,33.331244],[129.807465,33.348131],[129.744164,33.364314],[129.701008,33.353007],[129.676873,33.362419],[129.679603,33.389673],[129.673185,33.398539],[129.644379,33.362372],[129.620616,33.35928],[129.592415,33.381115],[129.580413,33.371007],[129.57628,33.347897],[129.571467,33.32064],[129.584326,33.301146],[129.589343,33.289915],[129.591498,33.28341],[129.580912,33.275084],[129.57382,33.276835],[129.565342,33.272067],[129.563342,33.25549],[129.552144,33.225839],[129.564138,33.211127],[129.590099,33.211127],[129.600108,33.208319],[129.617442,33.194648],[129.628103,33.191799],[129.638031,33.192776],[129.645518,33.197455],[129.65268,33.190253],[129.656098,33.184882],[129.656098,33.178941],[129.652843,33.170152],[129.663259,33.166002],[129.674327,33.160224],[129.683279,33.15233],[129.687022,33.142239],[129.683604,33.131049],[129.662332,33.126511],[129.666515,33.101264],[129.67349,33.103869],[129.680747,33.114879],[129.696862,33.114265],[129.704112,33.111802],[129.708018,33.119208],[129.712169,33.141059],[129.709764,33.16257],[129.722856,33.158404],[129.721438,33.145573],[129.723645,33.132775],[129.728526,33.122301],[129.74773,33.139524],[129.758677,33.138941],[129.760145,33.129815],[129.746288,33.124896],[129.745585,33.116335],[129.749197,33.098131],[129.739066,33.101035],[129.733226,33.101633],[129.742442,33.076361],[129.74648,33.06559],[129.761096,33.057063],[129.774952,33.058314],[129.786589,33.070564],[129.797515,33.077309],[129.822356,33.06268],[129.823859,33.043119],[129.83407,33.043135],[129.853011,33.054167],[129.881444,33.062763],[129.912082,33.036508],[129.945623,33.015758],[129.947602,32.995063],[129.939184,32.972323],[129.929725,32.957641],[129.931224,32.928894],[129.985691,32.863087],[130.003148,32.845379],[129.987878,32.841714],[129.93561,32.860489],[129.883206,32.875693],[129.874514,32.860963],[129.868702,32.853013],[129.854885,32.847486],[129.850528,32.841371],[129.84544,32.838308],[129.841789,32.844411],[129.831586,32.850508],[129.822834,32.858438],[129.814814,32.863313],[129.7944,32.874921],[129.807477,32.885942],[129.803795,32.90246],[129.789935,32.912245],[129.786945,32.947805],[129.795674,32.947794],[129.800827,32.923867],[129.806677,32.914697],[129.814669,32.922655],[129.816089,32.937948],[129.813845,32.961796],[129.816009,32.970967],[129.823277,32.979538],[129.812308,32.994804],[129.796959,33.010062],[129.766328,33.017954],[129.751839,32.99594],[129.741664,32.991035],[129.735784,33.003844],[129.738632,33.019118],[129.75312,33.041762],[129.759665,33.047889],[129.755266,33.055216],[129.750154,33.057039],[129.744337,33.051524],[129.737966,33.046129],[129.734711,33.046617],[129.734223,33.049058],[129.735362,33.057847],[129.734711,33.060248],[129.720198,33.078968],[129.681612,33.094092],[129.663417,33.069024],[129.660658,33.039697],[129.651862,33.033558],[129.649721,33.017049],[129.653519,33.004253],[129.646269,32.989563],[129.632403,32.979107],[129.631129,32.956534],[129.63843,32.926546],[129.651866,32.922797],[129.661306,32.91474],[129.669688,32.904975],[129.67335,32.892401],[129.674653,32.88052],[129.678396,32.870429],[129.687022,32.854804],[129.69809,32.839545],[129.721035,32.827074],[129.73271,32.80557],[129.744343,32.809886],[129.754509,32.818483],[129.771007,32.813951],[129.776378,32.80329],[129.778656,32.791002],[129.784679,32.784898],[129.793305,32.780178],[129.803722,32.772284],[129.823985,32.73607],[129.823795,32.721985],[129.85906,32.724514],[129.845694,32.701274],[129.834378,32.694122],[129.825954,32.704808],[129.81532,32.701798],[129.80896,32.694068],[129.796923,32.692245],[129.796883,32.684506],[129.803249,32.677996],[129.813872,32.683379],[129.818084,32.677438],[129.814496,32.662551],[129.804615,32.647684],[129.794163,32.632314],[129.782975,32.607415],[129.775197,32.600852],[129.761687,32.59598],[129.74959,32.59171],[129.734005,32.58092],[129.740351,32.568442],[129.749612,32.572698],[129.763147,32.579976],[129.776561,32.576457],[129.782909,32.573503],[129.78583,32.583105],[129.808543,32.597552],[129.832286,32.615805],[129.837725,32.631668],[129.841277,32.639415],[129.855445,32.640086],[129.874453,32.648989],[129.894929,32.662689],[129.903444,32.681137],[129.916765,32.698279],[129.942136,32.728522],[129.954891,32.745171],[129.949326,32.757661],[129.958508,32.764782],[129.962012,32.761809],[129.962672,32.752894],[129.97038,32.744563],[129.990808,32.746917],[130.008446,32.754626],[130.032412,32.75935],[130.050046,32.772364],[130.064167,32.784811],[130.093789,32.79486],[130.126222,32.78887],[130.138214,32.788847],[130.148099,32.795354],[130.178427,32.792922],[130.190233,32.783482],[130.186046,32.774359],[130.182872,32.769029],[130.18682,32.762065],[130.195833,32.757391],[130.207585,32.752162],[130.210314,32.73325],[130.201323,32.72425],[130.190132,32.714106],[130.17748,32.70518],[130.166925,32.698038],[130.153508,32.686197],[130.142223,32.682065],[130.128133,32.683871],[130.128793,32.661317],[130.129457,32.641134],[130.147049,32.633992],[130.155488,32.625654],[130.169562,32.619092],[130.173054,32.603634],[130.165987,32.592956],[130.18148,32.592327],[130.198412,32.602978],[130.223079,32.605881],[130.231546,32.610014],[130.236508,32.622477],[130.253917,32.624823],[130.259939,32.632717],[130.259046,32.643866],[130.268231,32.650361],[130.305578,32.651434],[130.341704,32.667258],[130.360827,32.687963],[130.350936,32.704063],[130.354991,32.717231],[130.373706,32.738969],[130.375782,32.747884],[130.374848,32.780178],[130.372244,32.793402],[130.351248,32.83393],[130.33942,32.856579],[130.307285,32.876299],[130.243588,32.875284],[130.195002,32.84494],[130.178284,32.842495],[130.153635,32.842457],[130.132529,32.855939],[130.122315,32.868816],[130.105317,32.875922],[130.115408,32.880276],[130.13464,32.889044],[130.14913,32.896413],[130.163596,32.909291],[130.188536,32.915321],[130.203787,32.9289],[130.204258,32.950871],[130.219147,32.95506],[130.22231,32.975205],[130.203901,32.991782],[130.160492,33.054104],[130.145129,33.084836],[130.131946,33.101972],[130.127565,33.120937],[130.15089,33.111884],[130.178233,33.134914],[130.219302,33.159466],[130.241396,33.188234],[130.258149,33.178656],[130.290443,33.149589],[130.300548,33.149644],[130.314789,33.148505],[130.337413,33.143378],[130.364757,33.140326],[130.368012,33.134955],[130.367524,33.12637],[130.372244,33.114895],[130.379405,33.107856],[130.400157,33.095038],[130.40447,33.093004],[130.409679,33.092678],[130.41505,33.09162],[130.420665,33.087592],[130.422211,33.082587],[130.421641,33.06977],[130.428477,33.050523],[130.426443,33.007148],[130.433116,32.941718],[130.441254,32.923651],[130.470225,32.909735],[130.516124,32.868476],[130.593028,32.815863],[130.605642,32.796454],[130.607677,32.789862],[130.611339,32.785468],[130.613048,32.781236],[130.609386,32.775702],[130.598155,32.763088],[130.593761,32.755601],[130.59197,32.748725],[130.594493,32.737982],[130.60141,32.726142],[130.612315,32.716254],[130.625987,32.711412],[130.625987,32.704006],[130.616466,32.703762],[130.608165,32.702216],[130.59197,32.697211],[130.576508,32.698391],[130.56544,32.693427],[130.5442,32.676703],[130.475271,32.64704],[130.457205,32.635199],[130.448009,32.621405],[130.461681,32.61522],[130.478038,32.622016],[130.641449,32.648342],[130.668305,32.648749],[130.656423,32.623725],[130.641287,32.607489],[130.570079,32.554592],[130.564708,32.546332],[130.567719,32.534166],[130.590587,32.518459],[130.598806,32.505357],[130.570079,32.505601],[130.558849,32.501776],[130.550466,32.491685],[130.567638,32.477688],[130.5713,32.45189],[130.562022,32.427069],[130.540538,32.416002],[130.514903,32.385891],[130.51002,32.378485],[130.513927,32.350328],[130.512462,32.338202],[130.503184,32.327216],[130.477061,32.349026],[130.469574,32.347113],[130.461681,32.327216],[130.46046,32.318183],[130.463715,32.309394],[130.461681,32.299954],[130.457042,32.294867],[130.444021,32.287828],[130.441173,32.28262],[130.431,32.257148],[130.358653,32.19066],[130.357758,32.187242],[130.358653,32.172675],[130.356944,32.169379],[130.348481,32.166571],[130.344981,32.162746],[130.344656,32.16177],[130.335134,32.135199],[130.331879,32.128607],[130.319591,32.118232],[130.298513,32.105862],[130.278656,32.100531],[130.248302,32.133734],[130.206798,32.120673],[130.179861,32.093451],[130.204047,32.072581],[130.204048,32.048285],[130.186307,32.026796],[130.172994,32.01745],[130.174106,31.998756],[130.189952,31.986029],[130.194102,31.980902],[130.205127,31.97167],[130.213918,31.950174],[130.220438,31.929595],[130.21473,31.885618],[130.197004,31.858485],[130.207856,31.843695],[130.235118,31.819525],[130.22283,31.824449],[130.190319,31.835088],[130.181,31.826972],[130.171431,31.790137],[130.181814,31.768256],[130.184093,31.758694],[130.199718,31.75373],[130.246267,31.729641],[130.259288,31.720852],[130.297374,31.669989],[130.32545,31.642076],[130.336192,31.626166],[130.337657,31.607896],[130.324474,31.586737],[130.334483,31.562405],[130.328461,31.529039],[130.317068,31.493069]]}},{"type":"Feature","properties":{},"geometry":{"type":"LineString","coordinates":[[130.518077,31.472398],[130.529145,31.513251],[130.542247,31.541734],[130.558442,31.566311],[130.567638,31.600735],[130.574962,31.611274],[130.602224,31.638251],[130.606212,31.646633],[130.610118,31.672309],[130.613048,31.682359],[130.644786,31.714748],[130.686046,31.725531],[130.737965,31.708439],[130.776378,31.710273],[130.804535,31.687242],[130.810313,31.650946],[130.799001,31.611721],[130.776378,31.579901],[130.758637,31.563788],[130.749034,31.559719],[130.736013,31.559475],[130.722667,31.563422],[130.719249,31.570705],[130.722341,31.597317],[130.711681,31.614407],[130.687836,31.619452],[130.662283,31.617865],[130.637878,31.622595],[130.613893,31.612066],[130.590889,31.585988],[130.598318,31.573432],[130.609386,31.566311],[130.619477,31.564276],[130.636892,31.555243],[130.695567,31.545803],[130.705333,31.528754],[130.692525,31.485572]]}},{"type":"Feature","properties":{},"geometry":{"type":"LineString","coordinates":[[131.393728,31.491034],[131.393321,31.512274],[131.391449,31.51675],[131.38795,31.520494],[131.385265,31.526923],[131.386485,31.539008],[131.390798,31.548814],[131.404063,31.568061],[131.406912,31.569729],[131.411469,31.586127],[131.42335,31.598334],[131.455333,31.620917],[131.450531,31.651109],[131.475271,31.762152],[131.478526,31.770331],[131.493012,31.786933],[131.496349,31.795966],[131.468042,31.804899],[131.455903,31.821974],[131.447622,31.847435],[131.449962,31.85871],[131.447276,31.876899],[131.45857,31.905452],[131.496486,32.012744],[131.530528,32.107391],[131.550327,32.169466],[131.562417,32.217916],[131.580414,32.253974],[131.59254,32.303656],[131.602794,32.323554],[131.611013,32.329983],[131.616466,32.332343],[131.619477,32.337104],[131.621837,32.360297],[131.629405,32.386786],[131.633474,32.395494],[131.641368,32.399237],[131.653087,32.401272],[131.663585,32.40644],[131.689132,32.421737],[131.673889,32.441805],[131.656629,32.457358],[131.65979,32.47682]]}},{"type":"Feature","properties":{},"geometry":{"type":"LineString","coordinates":[[133.510997,33.965237],[133.486339,33.966742],[133.438243,33.981879],[133.414806,33.985745],[133.359948,33.98271],[133.340967,33.989939],[133.322608,33.990553],[133.299823,33.981025],[133.279046,33.983277],[133.248874,33.974109],[133.24368,33.956257],[133.208868,33.947403],[133.173292,33.940584],[133.146704,33.931541],[133.127011,33.933291],[133.107763,33.941173],[133.0866,33.949313],[133.077294,33.959733],[133.069197,33.974223],[133.060313,33.99136],[133.031849,34.052734],[132.976573,34.108588],[132.966319,34.114325],[132.961323,34.121134],[132.954033,34.125393],[132.942384,34.141262],[132.928775,34.119874],[132.915511,34.120259],[132.8975,34.122714],[132.895364,34.113214],[132.906206,34.113165],[132.926158,34.111668],[132.930338,34.094376],[132.922521,34.084839],[132.91911,34.068406],[132.862359,34.055894],[132.847186,34.039964],[132.798734,34.013104],[132.769862,33.99627],[132.772472,33.955878],[132.757481,33.934948],[132.754937,33.91032],[132.71237,33.904549],[132.706283,33.877052],[132.698982,33.850384],[132.690083,33.813905],[132.695567,33.786444],[132.697113,33.756741],[132.676606,33.715644],[132.645475,33.689588],[132.618489,33.674289],[132.601736,33.660386],[132.500612,33.624998],[132.479503,33.608344],[132.47047,33.602118],[132.441661,33.572943],[132.435395,33.563666],[132.428477,33.547593],[132.412364,33.53498],[132.293746,33.48538],[132.264632,33.464074],[132.240685,33.464576],[132.221881,33.454026],[132.199767,33.45501],[132.171331,33.445634],[132.15528,33.437046],[132.157086,33.428842],[132.166576,33.420204],[132.153248,33.415429],[132.135488,33.420023],[132.09432,33.408487],[132.051555,33.37604],[132.029637,33.365247],[132.010539,33.348989],[132.025487,33.344904],[132.073508,33.367632],[132.110296,33.386728],[132.101568,33.370134],[132.114137,33.364151],[132.13066,33.363566],[132.139431,33.373978],[132.149985,33.389167],[132.179739,33.406986],[132.214402,33.422947],[132.253607,33.440709],[132.278586,33.447301],[132.307804,33.46429],[132.322233,33.457555],[132.333752,33.462444],[132.344596,33.467155],[132.362966,33.468085],[132.381114,33.466051],[132.421153,33.444485],[132.411876,33.441962],[132.404145,33.437649],[132.398204,33.431342],[132.394379,33.423407],[132.408051,33.423407],[132.408051,33.416571],[132.391124,33.397895],[132.390636,33.374986],[132.402354,33.362616],[132.421153,33.375556],[132.417328,33.347398],[132.415538,33.341457],[132.407888,33.336249],[132.391368,33.334866],[132.384125,33.330878],[132.378673,33.319485],[132.390274,33.316188],[132.401221,33.309387],[132.420121,33.304356],[132.486804,33.316068],[132.52561,33.314664],[132.52228,33.307621],[132.504788,33.303811],[132.484735,33.290841],[132.484571,33.276526],[132.491823,33.270716],[132.50258,33.266609],[132.507702,33.257903],[132.524213,33.263023],[132.541394,33.262558],[132.524492,33.249982],[132.536829,33.242584],[132.548364,33.226903],[132.536172,33.217566],[132.513767,33.213343],[132.50267,33.198735],[132.505077,33.181235],[132.485702,33.169153],[132.477821,33.181408],[132.461201,33.191403],[132.459659,33.204012],[132.445494,33.204965],[132.420124,33.209824],[132.394676,33.203895],[132.398647,33.187184],[132.415387,33.189278],[132.423661,33.199176],[132.438108,33.191398],[132.449247,33.185075],[132.458607,33.173706],[132.438044,33.168218],[132.435395,33.155829],[132.440684,33.142279],[132.450206,33.136664],[132.479503,33.135972],[132.490082,33.132758],[132.487559,33.125474],[132.480154,33.118313],[132.475841,33.114895],[132.471446,33.113959],[132.449067,33.114895],[132.449067,33.10871],[132.462738,33.105455],[132.469005,33.095771],[132.468761,33.082343],[132.462738,33.067694],[132.483165,33.067694],[132.471528,33.055609],[132.451834,33.052883],[132.407922,33.069329],[132.396885,33.058005],[132.400446,33.043914],[132.382402,33.019779],[132.3967,33.016594],[132.419704,33.051922],[132.441137,33.043659],[132.471495,33.040686],[132.481408,33.023528],[132.501475,32.993232],[132.496128,32.985332],[132.482919,32.970501],[132.494039,32.948931],[132.472272,32.933672],[132.490489,32.90119],[132.504161,32.891669],[132.520763,32.889309],[132.537852,32.895819],[132.532237,32.8994],[132.523448,32.906887],[132.517345,32.90941],[132.524181,32.930243],[132.536388,32.93122],[132.552908,32.924872],[132.572032,32.923082],[132.55893,32.936754],[132.57545,32.93183],[132.618419,32.906887],[132.627208,32.906317],[132.639903,32.908922],[132.709158,32.90941],[132.705167,32.897165],[132.692785,32.88433],[132.663007,32.856808],[132.646002,32.825692],[132.623377,32.799496],[132.619903,32.77299],[132.627661,32.752093],[132.664643,32.778868],[132.711401,32.789525],[132.72934,32.774156],[132.757579,32.752387],[132.771983,32.74608],[132.791515,32.740668],[132.812185,32.740302],[132.8296,32.748725],[132.843272,32.760932],[132.858409,32.769599],[132.872081,32.768744],[132.881114,32.752387],[132.892833,32.774237],[132.91505,32.777981],[132.939138,32.770453],[132.956798,32.758612],[132.961762,32.751125],[132.971365,32.731676],[132.976573,32.724514],[132.984386,32.719631],[133.002208,32.711656],[133.028005,32.720649],[133.027599,32.739651],[133.017345,32.75788],[133.00408,32.772284],[132.984874,32.787095],[132.976736,32.795152],[132.969737,32.807074],[132.955477,32.814619],[132.957899,32.835426],[132.955099,32.852629],[132.961059,32.864101],[132.989905,32.862576],[133.002452,32.86933],[133.009288,32.903469],[132.994413,32.948993],[133.001702,32.986957],[133.018259,33.024023],[133.052848,33.039499],[133.074617,33.028738],[133.089854,33.019273],[133.097764,33.023467],[133.098867,33.032648],[133.097116,33.048111],[133.107436,33.061069],[133.132387,33.089029],[133.165033,33.1372],[133.190149,33.163316],[133.203836,33.162622],[133.209761,33.151042],[133.225434,33.159084],[133.217947,33.165839],[133.21534,33.187504],[133.226899,33.194403],[133.240977,33.205797],[133.253266,33.219062],[133.258474,33.242133],[133.260509,33.245754],[133.265147,33.24844],[133.269379,33.252346],[133.270844,33.259508],[133.269705,33.264228],[133.26588,33.267646],[133.264659,33.272528],[133.260753,33.279771],[133.254649,33.286526],[133.251964,33.294745],[133.258474,33.306708],[133.254568,33.326239],[133.269379,33.346869],[133.292247,33.364691],[133.312348,33.375556],[133.319102,33.371527],[133.32602,33.368801],[133.32309,33.351304],[133.328136,33.353461],[133.34669,33.375556],[133.356619,33.383287],[133.365001,33.3876],[133.375499,33.38939],[133.391612,33.389838],[133.414806,33.393052],[133.439708,33.401679],[133.455089,33.4147],[133.450369,33.430854],[133.465909,33.454324],[133.546862,33.486111]]}},{"type":"Feature","properties":{},"geometry":{"type":"LineString","coordinates":[[133.121349,36.109768],[133.093516,36.102769],[133.081309,36.080146],[133.078624,36.049994],[133.079112,36.020941],[133.099457,36.037502],[133.12322,36.062934],[133.135427,36.089545],[133.121349,36.109768]]}},{"type":"Feature","properties":{},"geometry":{"type":"LineString","coordinates":[[133.090587,36.117865],[133.093272,36.109768],[133.113617,36.113511],[133.093272,36.123358],[133.090587,36.117865]]}},{"type":"Feature","properties":{},"geometry":{"type":"LineString","coordinates":[[133.074229,36.127916],[133.056651,36.124945],[133.038748,36.130805],[133.014496,36.110989],[132.969493,36.082017],[132.949392,36.061957],[132.965505,36.04914],[132.981456,36.039862],[132.994965,36.038235],[133.00408,36.048285],[132.993175,36.066352],[132.990408,36.077053],[133.000255,36.081773],[133.01002,36.081529],[133.014903,36.079779],[133.016775,36.074774],[133.0171,36.065009],[133.019786,36.060614],[133.027029,36.056301],[133.035981,36.0539],[133.044932,36.055121],[133.055837,36.061754],[133.056977,36.067694],[133.053966,36.074897],[133.051768,36.085517],[133.05836,36.103176],[133.072765,36.107856],[133.087169,36.110785],[133.088145,36.118272],[133.087576,36.127021],[133.074229,36.127916]]}},{"type":"Feature","properties":{},"geometry":{"type":"LineString","coordinates":[[126.405414,36.458836],[126.402687,36.468392],[126.403691,36.473344],[126.404796,36.479641],[126.390636,36.486029],[126.3838,36.487128],[126.3838,36.493313],[126.404796,36.493313],[126.39591,36.505792],[126.384566,36.511198],[126.379405,36.518378],[126.3838,36.526516],[126.381114,36.536282],[126.364266,36.56697],[126.363367,36.57384],[126.370994,36.578754],[126.375336,36.586086],[126.373546,36.592231],[126.360244,36.60936],[126.341181,36.604134],[126.323463,36.590891],[126.314818,36.581787],[126.325153,36.553864],[126.329763,36.531724],[126.333606,36.495093],[126.328143,36.471089],[126.33864,36.475611],[126.343272,36.46662],[126.356944,36.479641],[126.36378,36.473456],[126.345714,36.453315],[126.342621,36.438381],[126.35377,36.434068],[126.377615,36.446194],[126.373556,36.437337],[126.365874,36.431645],[126.361053,36.426321],[126.36378,36.411363],[126.378184,36.409491],[126.422618,36.411526],[126.43214,36.407945],[126.426443,36.42357],[126.412934,36.440334],[126.405414,36.458836]]}},{"type":"Feature","properties":{},"geometry":{"type":"LineString","coordinates":[[126.295258,37.802476],[126.276541,37.81151],[126.260509,37.814765],[126.24643,37.811754],[126.234141,37.802314],[126.222667,37.774726],[126.22047,37.771308],[126.224457,37.760443],[126.234141,37.760647],[126.245372,37.765367],[126.254568,37.768215],[126.296235,37.761135],[126.318207,37.762274],[126.335948,37.7744],[126.34254,37.792141],[126.333263,37.800442],[126.314952,37.80272],[126.295258,37.802476]]}},{"type":"Feature","properties":{},"geometry":{"type":"LineString","coordinates":[[122.979747,39.499335],[123.005707,39.497301],[123.029959,39.50788],[123.04005,39.529731],[123.017589,39.544501],[122.989757,39.549506]]}},{"type":"Feature","properties":{},"geometry":{"type":"LineString","coordinates":[[124.926741,39.604786],[124.899193,39.614124],[124.880471,39.612455],[124.881769,39.603869],[124.869706,39.595657],[124.870522,39.580934],[124.854475,39.573754],[124.85441,39.556577],[124.859738,39.553139],[124.85705,39.548303],[124.856588,39.544228],[124.845007,39.543176],[124.842773,39.538426],[124.85697,39.527899],[124.849816,39.516534],[124.836927,39.520939],[124.818563,39.495444],[124.842656,39.505162],[124.861664,39.507636],[124.883182,39.52747],[124.912092,39.540803],[124.933609,39.550543],[124.920254,39.572278],[124.909674,39.593554],[124.922227,39.598289],[124.926741,39.604786]]}},{"type":"Feature","properties":{},"geometry":{"type":"LineString","coordinates":[[133.422211,34.445014],[133.412446,34.424465],[133.341075,34.348049],[133.325531,34.336819],[133.295421,34.324897],[133.281749,34.321519],[133.269786,34.322414],[133.264659,34.331732],[133.269867,34.339179],[133.282237,34.342719],[133.295909,34.345038],[133.305512,34.348822],[133.314952,34.366034],[133.304698,34.37759],[133.283214,34.383124],[133.258474,34.38231],[133.258474,34.389797],[133.276622,34.40176],[133.266612,34.4206],[133.247325,34.4265],[133.229666,34.376166],[133.213227,34.363105],[133.194998,34.353705],[133.18214,34.341376],[133.201915,34.328315],[133.208669,34.307807],[133.202891,34.288886],[133.185557,34.280504],[133.178233,34.282782],[133.165782,34.292304],[133.160981,34.294176],[133.15561,34.291815],[133.144054,34.28262],[133.125173,34.276272],[133.102712,34.257148],[133.093272,34.252631],[133.076427,34.259589],[133.070649,34.277248],[133.072276,34.317532],[133.076915,34.316718],[133.087413,34.326483],[133.103282,34.34512],[133.114024,34.351752],[133.117931,34.342271],[133.117035,34.326565],[133.113292,34.314114],[133.133149,34.318183],[133.147472,34.351386],[133.168468,34.355048],[133.168468,34.362494],[133.152599,34.373847],[133.134288,34.38231],[133.12322,34.384345],[133.113292,34.383979],[133.103526,34.384589],[133.093272,34.389797],[133.079112,34.38231],[133.085785,34.35102],[133.059093,34.332343],[133.018321,34.32331],[132.911876,34.314765],[132.883067,34.304592],[132.853038,34.28734],[132.836192,34.311103],[132.818207,34.303371],[132.799083,34.284003],[132.778087,34.273098],[132.762218,34.270331],[132.764008,34.26317],[132.772797,34.253404],[132.778087,34.242743],[132.771495,34.235297],[132.756602,34.232327],[132.726573,34.232123],[132.702973,34.225491],[132.656261,34.199286],[132.627208,34.197984],[132.622244,34.20189],[132.618419,34.208889],[132.615571,34.215481],[132.613536,34.218451],[132.604259,34.21662],[132.599457,34.212307],[132.596528,34.207424],[132.593028,34.20425],[132.566173,34.191962],[132.554454,34.192369],[132.544688,34.20425],[132.559825,34.218411],[132.550629,34.230862],[132.533458,34.244778],[132.521007,34.269761],[132.507335,34.283026],[132.503673,34.28734],[132.503429,34.30036],[132.507091,34.308417],[132.509044,34.31623],[132.503673,34.328315],[132.510753,34.32982],[132.523123,34.334296],[132.531016,34.33515],[132.526134,34.345608],[132.517589,34.353013],[132.496837,34.362494],[132.481293,34.35456],[132.461681,34.349555],[132.44158,34.350002],[132.405528,34.368069],[132.383474,34.365668],[132.346039,34.348822],[132.312348,34.326972],[132.222504,34.238959],[132.2317,34.225246],[132.238292,34.20425],[132.240408,34.189805],[132.243663,34.166938],[132.238943,34.142646],[132.22755,34.132025],[132.213715,34.124335],[132.201915,34.108588],[132.199067,34.064765],[132.210948,34.025214],[132.213227,33.989651],[132.181488,33.957831],[132.157237,33.94892],[132.142589,33.946438],[132.13559,33.938422],[132.1338,33.913398],[132.138927,33.894965],[132.159923,33.857327],[132.161632,33.841702],[132.150076,33.830146],[132.105805,33.809027],[132.075938,33.787055],[132.055919,33.777167],[132.041352,33.776272],[132.044444,33.79328],[132.06544,33.806952],[132.068858,33.811672],[132.076345,33.826728],[132.078461,33.834906],[132.087169,33.8251],[132.098888,33.823635],[132.108897,33.830268],[132.113292,33.844875],[132.109223,33.862616],[132.099457,33.87226],[132.087087,33.878567],[132.07545,33.88642],[132.057791,33.89525],[131.994802,33.913479],[131.972341,33.916815],[131.966563,33.921536],[131.941905,33.950914],[131.930919,33.956977],[131.903331,33.966702],[131.893565,33.971422],[131.87086,33.988511],[131.852061,33.998358],[131.833669,33.994696],[131.812266,33.971422],[131.826508,33.971422],[131.826508,33.965237],[131.791352,33.964057],[131.779552,33.969672],[131.777517,33.985745],[131.807302,34.005805],[131.823904,34.020168],[131.822765,34.026679],[131.81365,34.028754],[131.799571,34.037746],[131.741466,34.05622],[131.70338,34.044176],[131.688731,34.047187],[131.676117,34.040188],[131.644867,34.028876],[131.633474,34.026679],[131.606212,34.026679],[131.601736,34.030015],[131.598155,34.036038],[131.593272,34.037299],[131.585134,34.026679],[131.594005,34.015326],[131.597423,34.002631],[131.593028,33.991685],[131.578868,33.985745],[131.571788,33.985175],[131.567638,33.986274],[131.565684,33.989651],[131.565196,33.996283],[131.562266,34.004625],[131.556163,34.005194],[131.551117,34.002143],[131.551036,33.999416],[131.519298,34.00849],[131.510509,34.012397],[131.493012,34.028144],[131.482921,34.03205],[131.469005,34.026679],[131.473806,34.018622],[131.474294,34.013983],[131.469005,34.006171],[131.466319,34.006781],[131.456716,33.999335],[131.455333,33.99315],[131.451996,33.989569],[131.451834,33.985907],[131.449555,33.982245],[131.441173,33.978909],[131.434337,33.980211],[131.428233,33.985907],[131.423513,33.993109],[131.420584,33.999416],[131.415538,33.989407],[131.409679,33.983059],[131.402517,33.981391],[131.393321,33.985745],[131.402192,33.999335],[131.404796,34.017279],[131.400645,34.032945],[131.389903,34.03974],[131.383149,34.033026],[131.355724,33.989447],[131.33253,33.962104],[131.321951,33.95307],[131.272227,33.926825],[131.257986,33.924791],[131.249848,33.937934],[131.242524,33.934475],[131.233572,33.933051],[131.225841,33.935004],[131.222667,33.941352],[131.220714,33.950385],[131.215831,33.950751],[131.209239,33.947252],[131.202159,33.94477],[131.200369,33.942532],[131.194672,33.937649],[131.187022,33.932766],[131.178233,33.930487],[131.173188,33.933987],[131.170665,33.941881],[131.160266,33.952796],[131.161537,33.964374],[131.16684,33.972398],[131.166026,33.977118],[131.1574,33.978909],[131.123999,33.999931],[131.103165,34.030217],[131.072424,34.036997],[131.035595,34.047975],[131.013962,34.014762],[130.968598,33.971422],[130.932086,33.945365],[130.926291,33.922691],[130.915753,33.91399],[130.899181,33.924262],[130.893728,33.932318],[130.879405,33.937934],[130.880224,33.950432],[130.899425,33.949856],[130.90965,33.973652],[130.907725,33.984931],[130.913422,33.999416],[130.917135,34.010913],[130.912812,34.021921],[130.905284,34.029608],[130.912577,34.053342],[130.903914,34.065826],[130.878429,34.067857],[130.87322,34.078192],[130.869314,34.091742],[130.862804,34.101793],[130.861583,34.112738],[130.87322,34.129096],[130.886485,34.138983],[130.899262,34.145657],[130.911143,34.154486],[130.920909,34.17064],[130.92335,34.183783],[130.920258,34.192572],[130.915782,34.199693],[130.910411,34.224921],[130.896739,34.244818],[130.893728,34.256049],[130.891612,34.259833],[130.876231,34.270006],[130.871593,34.279242],[130.875336,34.286689],[130.882009,34.293402],[130.886241,34.300442],[130.889659,34.331204],[130.893077,34.343492],[130.899913,34.355048],[130.911143,34.350898],[130.927419,34.348944],[130.941905,34.350979],[130.948253,34.358791],[130.954763,34.361721],[130.996104,34.36933],[131.011729,34.375963],[131.033607,34.381789],[131.017882,34.393297],[131.003591,34.39289],[130.965099,34.39997],[130.955089,34.403469],[130.948904,34.395006],[130.9463,34.392401],[130.93393,34.395982],[130.93922,34.407701],[130.947765,34.418931],[130.958751,34.427436],[130.976396,34.438967],[130.989732,34.435038],[131.002845,34.425946],[131.00115,34.414862],[131.009776,34.410305],[131.022634,34.409369],[131.037283,34.411119],[131.050955,34.415188],[131.061209,34.420844],[131.074718,34.42475],[131.099376,34.413275],[131.115718,34.409794],[131.133923,34.411562],[131.140798,34.378485],[131.153656,34.36933],[131.172699,34.367743],[131.178958,34.378776],[131.191702,34.393648],[131.173595,34.410224],[131.170584,34.416815],[131.171315,34.429535],[131.192719,34.42475],[131.207367,34.428941],[131.234874,34.433498],[131.252632,34.437387],[131.264537,34.428087],[131.281214,34.407958],[131.266256,34.409449],[131.251027,34.419131],[131.24102,34.421184],[131.229503,34.417711],[131.222016,34.408393],[131.216075,34.396918],[131.211762,34.383775],[131.208995,34.36933],[131.216075,34.372301],[131.22877,34.380194],[131.236176,34.38231],[131.284482,34.384211],[131.32309,34.393012],[131.334731,34.416114],[131.36505,34.415651],[131.414317,34.423977],[131.413315,34.453874],[131.426407,34.465645],[131.456228,34.490383],[131.461925,34.499254],[131.454763,34.51911],[131.461762,34.523505],[131.482677,34.527574],[131.520763,34.551907],[131.536469,34.565619],[131.551036,34.581529],[131.555431,34.59219],[131.557299,34.614857],[131.564792,34.619494],[131.585184,34.618422],[131.595876,34.616848],[131.594249,34.625678],[131.594104,34.642051],[131.596872,34.659589],[131.615242,34.664881],[131.629405,34.659247],[131.656415,34.653586],[131.670859,34.662818],[131.673355,34.670932],[131.680332,34.674649],[131.711599,34.671576],[131.746082,34.675353],[131.790375,34.686103],[131.822956,34.698283],[131.840784,34.705329],[131.858409,34.714504],[131.863129,34.737494],[131.866873,34.746039],[131.873758,34.759223],[131.896332,34.762926],[131.901322,34.770451],[131.923788,34.78786],[131.957007,34.81303],[131.997325,34.837226],[132.021169,34.865871],[132.034551,34.876579],[132.053884,34.87226],[132.060557,34.885688],[132.063304,34.907489],[132.111176,34.943101],[132.131847,34.958645],[132.15794,34.976132],[132.216319,35.013577],[132.236495,35.034818],[132.270842,35.040329],[132.29361,35.048407],[132.31685,35.062346],[132.326594,35.09207],[132.357041,35.111207],[132.379949,35.124981],[132.389212,35.134829],[132.386574,35.145538],[132.402354,35.160468],[132.408085,35.175051],[132.467678,35.213148],[132.495827,35.232455],[132.529718,35.244913],[132.531937,35.257672],[132.550265,35.262432],[132.575617,35.27327],[132.621142,35.284444],[132.638679,35.294645],[132.651395,35.312924],[132.663347,35.329536],[132.671446,35.355128],[132.674137,35.372037],[132.674023,35.385425],[132.670791,35.399475],[132.653742,35.40687],[132.631142,35.419814],[132.623808,35.43107],[132.635359,35.440955],[132.655876,35.442994],[132.682099,35.449016],[132.701444,35.44922],[132.734438,35.448632],[132.748551,35.451549],[132.754739,35.456245],[132.744477,35.463568],[132.725496,35.47078],[132.736279,35.472742],[132.75272,35.477078],[132.775427,35.481007],[132.804827,35.495182],[132.837679,35.506123],[132.864909,35.510983],[132.922231,35.513175],[132.946365,35.518677],[132.969737,35.516995],[132.973206,35.541884],[132.991485,35.544551],[133.014399,35.54078],[133.033489,35.545992],[133.042492,35.561528],[133.051772,35.57373],[133.064601,35.580271],[133.081442,35.575326],[133.091345,35.587539],[133.091261,35.601485],[133.105353,35.597517],[133.119732,35.584907],[133.141428,35.570165],[133.156467,35.562622],[133.189661,35.571908],[133.207068,35.572828],[133.224731,35.582945],[133.230163,35.578198],[133.223155,35.568508],[133.228038,35.564683],[133.239336,35.563615],[133.246253,35.56732],[133.266377,35.574237],[133.286779,35.576193],[133.308772,35.577189],[133.32602,35.568508],[133.312904,35.561976],[133.298874,35.558638],[133.286929,35.553727],[133.270135,35.54961],[133.257498,35.5362],[133.254731,35.53384],[133.254161,35.521796],[133.260509,35.509955],[133.264659,35.496161],[133.294543,35.480416],[133.329626,35.465504],[133.360857,35.460417],[133.38069,35.456415],[133.400157,35.454291],[133.417412,35.456543],[133.441245,35.491038],[133.492755,35.510362],[133.525595,35.522427]]}},{"type":"Feature","properties":{},"geometry":{"type":"LineString","coordinates":[[133.532074,34.445014],[133.470063,34.423977],[133.509288,34.462104]]}},{"type":"Feature","properties":{},"geometry":{"type":"LineString","coordinates":[[133.50115,34.492174],[133.490245,34.489569],[133.468516,34.476996],[133.456554,34.472357],[133.430349,34.472968],[133.419119,34.467922],[133.414806,34.451239],[133.422211,34.445014]]}},{"type":"Feature","properties":{},"geometry":{"type":"LineString","coordinates":[[122.991954,39.66592],[123.00058,39.671088],[123.005707,39.677436],[123.009125,39.680487],[123.016612,39.679511],[123.029633,39.674709],[123.039806,39.673082],[123.058116,39.67475],[123.099946,39.685777],[123.108002,39.690131],[123.128429,39.664862],[123.174327,39.665758],[123.223155,39.679755],[123.26588,39.701077],[123.269135,39.707587],[123.26295,39.718085],[123.255138,39.724107],[123.249278,39.725328],[123.242279,39.725491],[123.220795,39.730699],[123.212169,39.731391],[123.206391,39.734687],[123.204194,39.745063],[123.209972,39.75495],[123.222992,39.75495],[123.249034,39.748236],[123.265391,39.754096],[123.26352,39.767646],[123.252778,39.782904],[123.242198,39.793524],[123.23585,39.802436],[123.238048,39.809231],[123.244721,39.814032],[123.252045,39.817084],[123.252778,39.811184],[123.257172,39.801093],[123.264171,39.797309],[123.273204,39.810248],[123.285004,39.803453],[123.302989,39.784491],[123.314057,39.776109],[123.339366,39.784898],[123.364513,39.785224],[123.386729,39.789618],[123.403575,39.810248],[123.398204,39.818345],[123.403087,39.823554],[123.411632,39.82567],[123.417084,39.82453],[123.421153,39.813218],[123.418224,39.806545],[123.413097,39.801825],[123.410411,39.796617],[123.408458,39.745998],[123.410411,39.735175],[123.427745,39.72663],[123.445649,39.737047],[123.481537,39.77969],[123.495616,39.790717],[123.513194,39.797797],[123.533214,39.796617],[123.54184,39.791693],[123.547374,39.785346],[123.550792,39.779486],[123.553722,39.776109],[123.563243,39.770413],[123.563243,39.768785],[123.563731,39.770941],[123.591401,39.784329],[123.597667,39.792629],[123.601573,39.817084],[123.622569,39.871731],[123.626231,39.889106],[123.630951,39.903998],[123.640147,39.9147],[123.656749,39.919501],[123.643077,39.878567],[123.669688,39.856594],[123.720063,39.830552],[123.773041,39.818345],[123.807628,39.837592],[123.814464,39.837592],[123.834076,39.829169],[123.860362,39.824408],[123.887543,39.822903],[123.910655,39.82453],[123.920258,39.829495],[123.930675,39.836859],[123.942149,39.840562],[123.954926,39.834174],[123.967784,39.820543],[123.975108,39.815009],[123.985688,39.810248],[123.998057,39.815904],[124.041026,39.82453],[124.055431,39.829901],[124.066905,39.836168],[124.088145,39.851874],[124.118175,39.833157],[124.137218,39.842353],[124.15504,39.861314],[124.202159,39.878607],[124.266368,39.926947],[124.273692,39.9289],[124.280284,39.928697],[124.286713,39.929348],[124.2942,39.933783],[124.299083,39.940375],[124.302989,39.954088],[124.307872,39.961086],[124.352306,39.998969],[124.361339,40.011176]]}},{"type":"Feature","properties":{},"geometry":{"type":"LineString","coordinates":[[124.383067,40.002672],[124.376069,39.954088],[124.369965,39.940009],[124.359386,39.933539],[124.345714,39.930243],[124.332123,39.925116],[124.321544,39.912665],[124.327973,39.909735],[124.334809,39.905585],[124.341807,39.89997],[124.348888,39.892808],[124.362559,39.871731],[124.389659,39.867865],[124.396576,39.865546],[124.399181,39.859809],[124.403575,39.841498],[124.407237,39.837592],[124.40976,39.835924],[124.413666,39.827826],[124.417735,39.82453],[124.422618,39.824205],[124.426362,39.826483],[124.430024,39.829332],[124.434418,39.830756],[124.519786,39.818061],[124.554942,39.817084],[124.564057,39.814276],[124.56544,39.807115],[124.561615,39.786689],[124.56601,39.778876],[124.584727,39.770941],[124.589122,39.765855],[124.587901,39.756293],[124.583263,39.740546],[124.582286,39.731757],[124.584809,39.723578],[124.591563,39.720852],[124.600352,39.719306],[124.609467,39.714667],[124.613373,39.709784],[124.619884,39.697943],[124.62379,39.693549],[124.63144,39.693915],[124.639903,39.698065],[124.646983,39.697577],[124.649913,39.683661],[124.645095,39.669466],[124.632149,39.662946],[124.628574,39.644748],[124.610803,39.628651],[124.615733,39.617865],[124.618663,39.614732],[124.621918,39.613105],[124.629405,39.61164],[124.625336,39.60517],[124.624115,39.6022],[124.62379,39.597968],[124.637452,39.590483],[124.640575,39.594604],[124.649063,39.612121],[124.674929,39.622069],[124.695017,39.63754],[124.716412,39.647128],[124.735137,39.641588],[124.743907,39.644355],[124.734244,39.654996],[124.729805,39.665293],[124.740532,39.671792],[124.753045,39.672459],[124.757115,39.687906],[124.744624,39.691356],[124.744187,39.701308],[124.750021,39.709892],[124.750255,39.722357],[124.754731,39.73371],[124.749522,39.745063],[124.742931,39.752997],[124.739513,39.762112],[124.740245,39.772162],[124.746104,39.782945],[124.75644,39.770657],[124.76039,39.748008],[124.77065,39.741811],[124.799164,39.739814],[124.803071,39.730455],[124.81129,39.728339],[124.833588,39.725979],[124.849132,39.721503],[124.866303,39.713853],[124.881602,39.704169],[124.89267,39.691962],[124.901622,39.662055],[124.913097,39.656236],[124.926524,39.652981],[124.937836,39.645819],[124.947276,39.662991],[124.958263,39.662014],[124.986339,39.638983],[124.994395,39.636908],[125.003266,39.636868],[125.01059,39.635321],[125.01352,39.62873],[125.018077,39.62401],[125.04005,39.608547],[125.047699,39.604193],[125.060313,39.601142],[125.070079,39.601508],[125.085541,39.604193],[125.097504,39.602729],[125.101654,39.5987],[125.10377,39.592475],[125.109711,39.584377],[125.113536,39.577582],[125.114268,39.57095],[125.116954,39.565863],[125.126801,39.56387],[125.171235,39.56387],[125.167817,39.56977],[125.160981,39.585191],[125.157563,39.591213],[125.22519,39.591213],[125.210297,39.573065],[125.219574,39.566474],[125.237071,39.562893],[125.246349,39.553616],[125.250743,39.551215],[125.27711,39.526028],[125.285981,39.521186],[125.294932,39.523017],[125.303559,39.527289],[125.325694,39.533189],[125.429698,39.575385],[125.444916,39.584377],[125.451752,39.571275],[125.450287,39.557929],[125.441987,39.547553],[125.413666,39.538723],[125.406586,39.527493],[125.402599,39.513739],[125.397227,39.501776],[125.379405,39.486274],[125.360362,39.474677],[125.346039,39.459621],[125.34254,39.433539],[125.351654,39.437405],[125.361827,39.439927],[125.372569,39.440985],[125.383556,39.440334],[125.359955,39.413153],[125.357026,39.398749],[125.376475,39.392524],[125.438487,39.384996],[125.459239,39.385077],[125.454194,39.374335],[125.445649,39.366929],[125.424408,39.357123],[125.418956,39.360541],[125.414806,39.362006],[125.404633,39.364651],[125.413422,39.354438],[125.418224,39.350979],[125.411143,39.333482],[125.41627,39.320258],[125.42921,39.312242],[125.444916,39.310614],[125.431895,39.300727],[125.393565,39.245795],[125.396007,39.236558],[125.404877,39.228949],[125.410899,39.213813],[125.389008,39.220282],[125.365082,39.220893],[125.343598,39.212877],[125.328868,39.193305],[125.332042,39.184963],[125.340099,39.176011],[125.343516,39.168891],[125.332042,39.165961],[125.30714,39.165432],[125.296723,39.161526],[125.287364,39.15233],[125.294444,39.147366],[125.293305,39.143541],[125.289154,39.139065],[125.287364,39.131822],[125.288153,39.123542],[125.286179,39.117049],[125.290335,39.111281],[125.290612,39.104531],[125.286694,39.097046],[125.28407,39.089556],[125.335053,39.083441],[125.31601,39.079535],[125.291108,39.080471],[125.270803,39.080606],[125.26002,39.066352],[125.252002,39.049639],[125.233368,39.029887],[125.212169,39.001532],[125.198643,38.986056],[125.200901,38.975262],[125.190027,38.95852],[125.172981,38.9388],[125.163627,38.91546],[125.151966,38.891529],[125.150727,38.874579],[125.147553,38.837144],[125.143321,38.82038],[125.137218,38.803534],[125.145274,38.777088],[125.15677,38.769267],[125.172111,38.76323],[125.176664,38.751228],[125.18812,38.738608],[125.216557,38.739717],[125.230479,38.771918],[125.22519,38.796088],[125.240977,38.793118],[125.252696,38.783596],[125.257823,38.771918],[125.253184,38.762519],[125.259776,38.758287],[125.266856,38.755072],[125.246918,38.736721],[125.2435,38.728339],[125.249766,38.717231],[125.262462,38.707913],[125.27768,38.703315],[125.293712,38.703192],[125.30836,38.707261],[125.30836,38.713528],[125.303477,38.716742],[125.297944,38.722113],[125.295909,38.728461],[125.301036,38.734565],[125.306407,38.734605],[125.310313,38.729804],[125.312755,38.723863],[125.314545,38.720933],[125.341075,38.717475],[125.350352,38.721259],[125.356212,38.734565],[125.363048,38.734565],[125.373128,38.720541],[125.389244,38.717449],[125.419313,38.729265],[125.434174,38.736762],[125.427826,38.744127],[125.420014,38.75019],[125.410899,38.755072],[125.424571,38.755927],[125.43214,38.763088],[125.435883,38.771308],[125.438731,38.77558],[125.447765,38.777248],[125.448009,38.77619],[125.447032,38.771552],[125.472911,38.73432],[125.479096,38.727729],[125.490977,38.722886],[125.51474,38.722805],[125.527599,38.720933],[125.543712,38.711127],[125.588959,38.666327],[125.59962,38.662258],[125.619884,38.661444],[125.630626,38.658881],[125.636811,38.653998],[125.648529,38.638495],[125.657807,38.631008],[125.63795,38.62641],[125.610362,38.63109],[125.585948,38.641913],[125.575206,38.655748],[125.572358,38.662299],[125.564952,38.670111],[125.555186,38.676663],[125.545177,38.679389],[125.540782,38.674262],[125.537934,38.663642],[125.532725,38.65412],[125.520763,38.652655],[125.514659,38.657864],[125.511811,38.676703],[125.507091,38.686225],[125.462657,38.707261],[125.45102,38.704006],[125.446137,38.696723],[125.444428,38.689521],[125.441905,38.686225],[125.429698,38.687486],[125.406749,38.692857],[125.397227,38.693671],[125.369108,38.694761],[125.346016,38.687079],[125.330605,38.678747],[125.319791,38.668584],[125.311324,38.665017],[125.301036,38.656806],[125.277983,38.663078],[125.267295,38.67031],[125.259614,38.669739],[125.235734,38.657837],[125.220381,38.656092],[125.203485,38.652553],[125.193545,38.657379],[125.18899,38.666979],[125.179797,38.670002],[125.178198,38.656826],[125.183496,38.642432],[125.179623,38.634655],[125.1566,38.631727],[125.148229,38.646128],[125.13756,38.662332],[125.123383,38.666327],[125.116547,38.657213],[125.118419,38.645168],[125.126069,38.633246],[125.137218,38.624742],[125.134044,38.610012],[125.134532,38.591254],[125.128009,38.580281],[125.102769,38.593523],[125.079744,38.583989],[125.058241,38.568468],[125.042966,38.581683],[125.037625,38.591271],[125.0292,38.589495],[125.017686,38.583523],[124.997747,38.592522],[124.983949,38.591942],[124.980866,38.584157],[124.995697,38.574042],[124.997081,38.566148],[124.994884,38.557685],[124.993012,38.545885],[124.996837,38.535875],[125.01474,38.52497],[125.021007,38.514879],[125.016368,38.497952],[125.002045,38.473619],[124.985199,38.451361],[124.972667,38.440375],[124.974864,38.455146],[124.972179,38.462144],[124.966563,38.463365],[124.958995,38.460883],[124.947276,38.450507],[124.935069,38.4206],[124.927989,38.409084],[124.883881,38.355292],[124.879731,38.345201],[124.86964,38.282131],[124.870128,38.265448],[124.872325,38.257636],[124.886567,38.244574],[124.91505,38.229071],[124.967621,38.235338],[124.993012,38.226955],[124.931,38.192939],[124.920909,38.189358],[124.895274,38.221503],[124.879161,38.230658],[124.855968,38.226955],[124.84547,38.218411],[124.829112,38.193793],[124.821788,38.18594],[124.78004,38.178616],[124.773285,38.175971],[124.765147,38.156073],[124.745128,38.147935],[124.697765,38.144965],[124.673595,38.137193],[124.667247,38.125718],[124.677094,38.115383],[124.793793,38.097805],[124.840099,38.101996],[124.865489,38.107082],[124.876475,38.113959],[124.885265,38.131659],[124.904877,38.124823],[124.937836,38.097805],[125.01352,38.062405],[125.027354,38.068996],[125.075694,38.076077],[125.124522,38.09512],[125.140636,38.097805],[125.155854,38.095526],[125.19044,38.085761],[125.208507,38.083482],[125.248302,38.083808],[125.264903,38.077948],[125.273692,38.062405],[125.253184,38.053941],[125.246349,38.020087],[125.22519,38.02143],[125.219574,38.027818],[125.217296,38.037177],[125.213227,38.045722],[125.201671,38.049384],[125.157563,38.042548],[125.116222,38.041938],[125.1067,38.034613],[125.109711,38.015286],[125.115326,38.002387],[125.1185,37.999457],[125.123302,37.99844],[125.144298,37.983466],[125.155284,37.979967],[125.166515,37.981269],[125.177501,37.987942],[125.184906,37.980455],[125.175385,37.969916],[125.163829,37.963772],[125.149913,37.960761],[125.1338,37.960028],[125.115977,37.962714],[125.08961,37.975816],[125.075694,37.980455],[125.062022,37.978583],[125.036632,37.963609],[125.024181,37.960028],[125.005463,37.958441],[124.992198,37.952948],[124.983653,37.942328],[124.979503,37.925238],[124.989024,37.927436],[125.01352,37.939521],[125.006602,37.918443],[125.013194,37.905992],[125.029389,37.900092],[125.051524,37.898586],[125.062104,37.896145],[125.089366,37.878079],[125.100352,37.875067],[125.158214,37.86758],[125.176606,37.867621],[125.193126,37.871772],[125.208507,37.881171],[125.219574,37.896715],[125.228526,37.915229],[125.240082,37.929592],[125.26002,37.932685],[125.257091,37.914618],[125.300629,37.895209],[125.30836,37.878079],[125.294932,37.859849],[125.25172,37.837836],[125.239513,37.822821],[125.301036,37.822821],[125.305431,37.820217],[125.308116,37.815497],[125.309093,37.811103],[125.30836,37.809149],[125.326671,37.812974],[125.345958,37.822577],[125.377289,37.843329],[125.368012,37.846625],[125.360362,37.85106],[125.354015,37.857001],[125.349376,37.864407],[125.371837,37.869127],[125.399669,37.865465],[125.42628,37.856024],[125.444916,37.843329],[125.4463,37.860012],[125.427989,37.874498],[125.402843,37.885565],[125.383556,37.89175],[125.394542,37.896674],[125.406261,37.898627],[125.431895,37.898586],[125.430024,37.902004],[125.427501,37.908352],[125.424408,37.912177],[125.445649,37.920396],[125.455089,37.914618],[125.463878,37.90412],[125.483165,37.898586],[125.510102,37.894273],[125.508637,37.883734],[125.479096,37.857611],[125.486664,37.847073],[125.497325,37.839667],[125.510834,37.837714],[125.527599,37.843329],[125.524181,37.817816],[125.505138,37.813178],[125.455821,37.822821],[125.434906,37.819037],[125.410981,37.809394],[125.389903,37.796129],[125.377289,37.781887],[125.395112,37.776435],[125.429454,37.781562],[125.444916,37.7744],[125.390391,37.754543],[125.36378,37.760891],[125.348643,37.737982],[125.335053,37.686265],[125.347504,37.675605],[125.361583,37.68008],[125.372651,37.693549],[125.377289,37.71015],[125.385265,37.716376],[125.403656,37.719062],[125.438731,37.719794],[125.47462,37.731187],[125.490977,37.754055],[125.50351,37.778795],[125.527599,37.796129],[125.520518,37.780178],[125.528901,37.772528],[125.54184,37.770453],[125.548595,37.771308],[125.551606,37.782701],[125.559581,37.787746],[125.570567,37.787095],[125.582774,37.781887],[125.580414,37.778795],[125.580089,37.777655],[125.579356,37.776679],[125.575206,37.7744],[125.583995,37.767524],[125.593028,37.763617],[125.602794,37.761786],[125.613536,37.761379],[125.620128,37.765326],[125.620372,37.774115],[125.616954,37.788723],[125.611095,37.79975],[125.609223,37.806301],[125.613536,37.809149],[125.633556,37.809556],[125.640147,37.813422],[125.644135,37.822821],[125.637787,37.825344],[125.623057,37.837104],[125.641205,37.856391],[125.636811,37.878648],[125.627452,37.902167],[125.630626,37.925238],[125.645518,37.915473],[125.657074,37.905829],[125.668956,37.899156],[125.685069,37.898586],[125.701508,37.902493],[125.715343,37.908271],[125.727794,37.91592],[125.739757,37.925238],[125.732921,37.932685],[125.72519,37.927476],[125.71754,37.925279],[125.698822,37.925238],[125.70753,37.939765],[125.71933,37.952541],[125.708832,37.957424],[125.698985,37.958197],[125.688813,37.956041],[125.678315,37.952541],[125.685313,37.972113],[125.675385,37.977607],[125.640717,37.973619],[125.62143,37.97899],[125.596528,37.992255],[125.578217,38.009019],[125.578949,38.025133],[125.596934,38.032213],[125.622162,38.031928],[125.647309,38.027289],[125.687348,38.012274],[125.70517,38.009345],[125.746593,38.007758],[125.756358,38.005072],[125.773774,37.99608],[125.78419,37.994086],[125.799327,37.992906],[125.803966,37.988959],[125.801768,37.970201],[125.802501,37.95893],[125.805186,37.951565],[125.81129,37.947577],[125.834972,37.943549],[125.841075,37.936347],[125.84547,37.9265],[125.895518,37.864814],[125.911632,37.850775],[125.921641,37.844875],[125.927013,37.84398],[125.93336,37.844631],[125.945893,37.843329],[125.955903,37.840318],[125.967133,37.835435],[125.977875,37.829332],[125.986176,37.822821],[125.983653,37.837104],[125.974457,37.864163],[125.972504,37.874335],[125.96461,37.878648],[125.950531,37.88935],[125.944102,37.901923],[125.959483,37.912177],[125.969819,37.908677],[125.985932,37.898383],[126.000743,37.885565],[126.007335,37.874335],[126.012787,37.854315],[126.026134,37.853664],[126.055756,37.870592],[126.058604,37.824693],[126.062836,37.802232],[126.072113,37.799262],[126.086925,37.80036],[126.096934,37.781399],[126.110362,37.740912],[126.158214,37.733466],[126.161225,37.740668],[126.164317,37.754625],[126.165375,37.768256],[126.159679,37.778876],[126.152843,37.799709],[126.14975,37.815253],[126.147716,37.819037],[126.149181,37.82217],[126.158214,37.829657],[126.178477,37.840522],[126.199962,37.844224],[126.236908,37.843329],[126.259532,37.845445],[126.279552,37.851264],[126.358002,37.884345],[126.378673,37.889594],[126.397716,37.89175],[126.404307,37.887152],[126.428477,37.854193],[126.436615,37.848375],[126.576182,37.777533],[126.593272,37.7744],[126.620779,37.787706],[126.6421,37.798],[126.651622,37.799262],[126.655772,37.814521],[126.667003,37.827582],[126.667491,37.827826],[126.682628,37.836005],[126.692475,37.837104],[126.699962,37.829657],[126.689464,37.813666],[126.684906,37.793606],[126.686046,37.782172],[126.68686,37.773627],[126.6963,37.757961],[126.700531,37.742987],[126.695567,37.721747],[126.678803,37.686265],[126.73642,37.653306],[126.755219,37.637885],[126.731049,37.639065],[126.692149,37.652045],[126.661469,37.672431],[126.661876,37.695868],[126.667328,37.708808],[126.668793,37.727729],[126.66684,37.746161],[126.661876,37.757961],[126.648529,37.765041],[126.635509,37.763007],[126.62086,37.757554],[126.603282,37.754543],[126.548188,37.770168],[126.534923,37.768215],[126.531016,37.754706],[126.545421,37.672512],[126.556163,37.641018],[126.560286,37.620847],[126.560515,37.607353],[126.571935,37.598495],[126.58225,37.584483],[126.591105,37.57287],[126.598907,37.558088],[126.603792,37.549297],[126.598905,37.525107],[126.601106,37.506802],[126.606451,37.496812],[126.627025,37.498595],[126.630675,37.507301],[126.644163,37.504385],[126.642022,37.496062],[126.633444,37.492571],[126.604761,37.485697],[126.595018,37.472273],[126.598291,37.457928],[126.595985,37.439657],[126.612405,37.432741],[126.630308,37.425013],[126.638629,37.413791],[126.625382,37.397918],[126.615087,37.379745],[126.64034,37.36439],[126.66475,37.389168],[126.717162,37.383839],[126.720045,37.377053],[126.706865,37.366469],[126.687488,37.344028],[126.689793,37.332486],[126.73331,37.30617],[126.764643,37.298267],[126.783573,37.295268],[126.79556,37.294725],[126.807603,37.297766],[126.822544,37.295607],[126.828891,37.287984],[126.842784,37.288398],[126.852143,37.2862],[126.859874,37.282131],[126.865977,37.276068],[126.870697,37.26789],[126.848643,37.265326],[126.833018,37.272854],[126.819184,37.2744],[126.802338,37.254299],[126.797374,37.232856],[126.792491,37.223456],[126.781993,37.22016],[126.772472,37.223944],[126.767589,37.232327],[126.766368,37.24315],[126.767589,37.254299],[126.752208,37.248277],[126.739106,37.251654],[126.725841,37.258205],[126.709972,37.261705],[126.690522,37.257717],[126.679454,37.257229],[126.67213,37.261705],[126.665782,37.256903],[126.662934,37.255316],[126.658458,37.254299],[126.666515,37.241848],[126.673188,37.22842],[126.680186,37.217678],[126.689057,37.213324],[126.715831,37.216295],[126.719005,37.212877],[126.706879,37.199652],[126.696788,37.195136],[126.682872,37.191352],[126.670665,37.185614],[126.665294,37.175482],[126.668468,37.161811],[126.677745,37.159491],[126.706879,37.164862],[126.692149,37.148261],[126.686046,37.139309],[126.685639,37.130113],[126.692149,37.124986],[126.702891,37.124701],[126.714447,37.127997],[126.723643,37.133857],[126.759288,37.1647],[126.778575,37.175686],[126.802338,37.18537],[126.802257,37.173163],[126.807384,37.165269],[126.816905,37.160793],[126.829845,37.158677],[126.850597,37.173041],[126.864513,37.179104],[126.870697,37.175482],[126.869151,37.156968],[126.863536,37.150295],[126.836518,37.144436],[126.81121,37.144121],[126.794182,37.13892],[126.778268,37.132804],[126.764451,37.117658],[126.752859,37.100688],[126.754814,37.083556],[126.751191,37.070092],[126.755527,37.060141],[126.755219,37.048814],[126.80128,37.037746],[126.820567,37.041693],[126.839692,37.044867],[126.849132,37.037299],[126.858653,37.041327],[126.863292,37.058783],[126.865082,37.074856],[126.870453,37.090766],[126.879161,37.100002],[126.890473,37.095933],[126.883149,37.069566],[126.893077,37.050116],[126.906749,37.033149],[126.910981,37.014106],[126.902354,37.019477],[126.892589,37.022162],[126.881928,37.02265],[126.870697,37.02147],[126.880138,37.015692],[126.884288,37.014106],[126.884288,37.00788],[126.82441,37.002616],[126.837901,36.975898],[126.873383,36.947984],[126.91269,36.929633],[126.945811,36.92593],[126.969086,36.932034],[126.976329,36.939032],[126.973155,36.969957],[126.982188,36.98017],[127.042003,36.993598],[127.039399,36.982001],[127.032807,36.978502],[127.023936,36.977444],[127.01002,36.971259],[127.004893,36.971422],[126.999522,36.970893],[126.994151,36.966864],[126.995942,36.964789],[127.005219,36.956936],[127.007172,36.952623],[127.000336,36.928371],[126.989513,36.918606],[126.974457,36.912909],[126.942475,36.893378],[126.899018,36.87934],[126.880626,36.876899],[126.860199,36.869574],[126.870453,36.852769],[126.904796,36.822252],[126.883556,36.824368],[126.863292,36.829088],[126.871593,36.804023],[126.866547,36.789781],[126.8567,36.776435],[126.850841,36.753974],[126.84254,36.757025],[126.836762,36.760932],[126.832856,36.766669],[126.829845,36.775092],[126.846283,36.77912],[126.849132,36.788031],[126.840668,36.819159],[126.831798,36.831122],[126.829845,36.839342],[126.830821,36.847235],[126.83546,36.860826],[126.836518,36.866929],[126.834321,36.895494],[126.83017,36.910224],[126.823009,36.918443],[126.812755,36.916938],[126.793956,36.897528],[126.781993,36.891181],[126.797699,36.934394],[126.796235,36.955756],[126.775157,36.97309],[126.757767,36.98222],[126.733512,36.987431],[126.714348,36.993042],[126.697032,36.994818],[126.681544,36.994704],[126.665043,36.988525],[126.655793,36.974594],[126.649449,36.966056],[126.645375,36.957953],[126.649181,36.933417],[126.646495,36.925116],[126.6421,36.917711],[126.631114,36.911607],[126.634776,36.928046],[126.633556,36.937405],[126.623627,36.952623],[126.621674,36.959784],[126.631383,36.968931],[126.636095,36.982453],[126.626095,36.996104],[126.611467,37.00256],[126.596292,37.010828],[126.588452,37.017221],[126.569341,37.027778],[126.549327,37.039211],[126.535004,37.049262],[126.519054,37.055406],[126.500743,37.054999],[126.502921,37.039521],[126.512254,37.01643],[126.53297,37.000922],[126.552013,36.993598],[126.566173,36.99079],[126.573009,36.984361],[126.572113,36.977484],[126.562755,36.97309],[126.550304,36.973131],[126.54005,36.976874],[126.531586,36.982896],[126.515636,36.998847],[126.505382,37.006578],[126.496837,37.007799],[126.493419,36.997016],[126.497813,36.994208],[126.559093,36.942369],[126.566742,36.932196],[126.57545,36.911811],[126.582612,36.904202],[126.582612,36.898017],[126.56837,36.898505],[126.560802,36.905097],[126.555675,36.915107],[126.548595,36.92593],[126.531261,36.941311],[126.519135,36.947903],[126.513764,36.942369],[126.509532,36.91885],[126.491222,36.87108],[126.487153,36.846177],[126.483897,36.841498],[126.476573,36.844916],[126.469249,36.85399],[126.465912,36.866929],[126.465912,36.911607],[126.468761,36.917792],[126.477794,36.926418],[126.479584,36.929023],[126.478526,36.935858],[126.473888,36.942206],[126.472748,36.949205],[126.468598,36.957587],[126.458832,36.95775],[126.44752,36.952826],[126.438731,36.945787],[126.432384,36.961982],[126.438243,36.973334],[126.447846,36.982001],[126.452891,36.99018],[126.445404,37.003404],[126.427745,37.008368],[126.39088,37.00788],[126.39088,37.000434],[126.395274,36.992906],[126.391449,36.989814],[126.383067,36.991156],[126.373546,36.997016],[126.36378,37.001451],[126.353038,36.999986],[126.34311,36.994452],[126.335704,36.986762],[126.354015,36.98786],[126.369395,36.984117],[126.376475,36.974921],[126.369884,36.959418],[126.355479,36.96776],[126.350678,36.964504],[126.353852,36.955227],[126.363536,36.945787],[126.376475,36.941596],[126.40268,36.94123],[126.411388,36.93891],[126.4192,36.922309],[126.415538,36.899848],[126.401378,36.881415],[126.377289,36.876899],[126.377289,36.870673],[126.396576,36.864203],[126.404552,36.863227],[126.404552,36.857001],[126.384532,36.852932],[126.374115,36.849555],[126.369884,36.846177],[126.365326,36.835354],[126.355479,36.840481],[126.339366,36.857001],[126.328705,36.846991],[126.336029,36.824652],[126.3567,36.788764],[126.327891,36.804633],[126.315278,36.804348],[126.298432,36.791897],[126.29127,36.789252],[126.285981,36.794582],[126.282725,36.803697],[126.281749,36.812323],[126.285492,36.814927],[126.303477,36.824368],[126.30893,36.829088],[126.308116,36.833075],[126.30185,36.847805],[126.301524,36.857001],[126.307628,36.865668],[126.317393,36.873969],[126.323497,36.883246],[126.311046,36.909573],[126.306651,36.931464],[126.305919,36.95307],[126.30893,36.966864],[126.285655,36.961127],[126.281016,36.936469],[126.283539,36.906236],[126.281749,36.883734],[126.275238,36.874742],[126.268565,36.871039],[126.243744,36.870673],[126.229991,36.873033],[126.22755,36.879788],[126.233897,36.904202],[126.209483,36.897162],[126.192231,36.885932],[126.190766,36.872016],[126.21339,36.857001],[126.196869,36.835679],[126.198741,36.823228],[126.214447,36.817532],[126.240001,36.816067],[126.232432,36.804185],[126.220714,36.801744],[126.192231,36.80858],[126.202891,36.793199],[126.21339,36.781317],[126.204845,36.782782],[126.197276,36.784898],[126.190684,36.785305],[126.185395,36.781317],[126.178477,36.789455],[126.173106,36.797675],[126.168793,36.806383],[126.165619,36.816067],[126.161632,36.80329],[126.156586,36.794176],[126.130951,36.768052],[126.128184,36.761298],[126.130138,36.736965],[126.128917,36.7119],[126.132823,36.703843],[126.144542,36.712388],[126.150157,36.723944],[126.153087,36.748847],[126.158214,36.76081],[126.171153,36.752265],[126.187266,36.748481],[126.202647,36.742418],[126.21339,36.726711],[126.213634,36.711615],[126.203136,36.705878],[126.161876,36.706204],[126.156993,36.702053],[126.158539,36.692857],[126.16269,36.683539],[126.165619,36.6789],[126.177745,36.673245],[126.187999,36.673814],[126.198253,36.677069],[126.209727,36.6789],[126.229259,36.684719],[126.255707,36.711575],[126.274181,36.719875],[126.281749,36.692572],[126.27296,36.673163],[126.302338,36.634426],[126.288585,36.610012],[126.292003,36.604234],[126.294281,36.59748],[126.295421,36.590033],[126.295258,36.582709],[126.303966,36.593085],[126.314789,36.60163],[126.327729,36.607571],[126.343028,36.610012],[126.326182,36.628363],[126.324718,36.636623],[126.335704,36.64411],[126.329112,36.66059],[126.310883,36.683987],[126.301524,36.699368],[126.324311,36.699652],[126.331554,36.711371],[126.333995,36.727362],[126.343028,36.740383],[126.359141,36.742662],[126.369884,36.732327],[126.366422,36.706972],[126.377909,36.702582],[126.371969,36.683078],[126.36715,36.629065],[126.386391,36.618888],[126.405728,36.618196],[126.424238,36.606581],[126.43329,36.615727],[126.443907,36.638081],[126.439513,36.664265],[126.44688,36.683762],[126.445636,36.700722],[126.438569,36.709418],[126.437999,36.716457],[126.441173,36.723538],[126.457042,36.72899],[126.471202,36.7414],[126.479584,36.747138],[126.482677,36.738349],[126.487315,36.732164],[126.500743,36.719875],[126.477349,36.716888],[126.469687,36.704587],[126.474535,36.687885],[126.49851,36.684273],[126.50803,36.670413],[126.493956,36.661316],[126.483799,36.649603],[126.499855,36.636836],[126.51171,36.634848],[126.519867,36.626166],[126.513868,36.615392],[126.512312,36.603209],[126.491453,36.603762],[126.471456,36.596291],[126.457657,36.595596],[126.458095,36.591407],[126.464182,36.584121],[126.469218,36.566934],[126.470059,36.557766],[126.465685,36.549387],[126.470329,36.540199],[126.475071,36.539414],[126.482921,36.535224],[126.49158,36.52867],[126.510753,36.534247],[126.513927,36.528795],[126.504242,36.516669],[126.483409,36.497016],[126.482758,36.485826],[126.488536,36.466864],[126.497651,36.448391],[126.507579,36.438666],[126.523448,36.441107],[126.545014,36.466986],[126.559093,36.473456],[126.617442,36.473456],[126.59796,36.465073],[126.556778,36.45583],[126.537537,36.433221],[126.516895,36.428187],[126.498779,36.420106],[126.513764,36.397691],[126.500743,36.397691],[126.500743,36.390937],[126.5088,36.385199],[126.5206,36.373603],[126.527436,36.369778],[126.560395,36.369615],[126.576182,36.366278],[126.582612,36.353013],[126.573334,36.342597],[126.528819,36.333889],[126.513764,36.322659],[126.529063,36.316107],[126.571544,36.305609],[126.582612,36.294664],[126.567963,36.286811],[126.555919,36.266262],[126.534923,36.219631],[126.541108,36.212551],[126.548595,36.205959],[126.554291,36.203437],[126.562266,36.207221],[126.56894,36.205959],[126.580089,36.199368],[126.588471,36.191596],[126.603282,36.17182],[126.561341,36.181588],[126.531357,36.17394],[126.497401,36.160019],[126.493419,36.130805],[126.500255,36.125718],[126.503579,36.13219],[126.509648,36.151025],[126.529172,36.153514],[126.551768,36.141823],[126.552282,36.130809],[126.558573,36.130764],[126.571869,36.136979],[126.589447,36.130805],[126.612328,36.098992],[126.624848,36.095608],[126.63852,36.090969],[126.64503,36.084703],[126.631114,36.075588],[126.640147,36.063422],[126.656993,36.045478],[126.665294,36.034613],[126.670502,36.02204],[126.67213,36.012885],[126.677257,36.005927],[126.692475,35.999905],[126.71339,36.007392],[126.735688,36.010443],[126.754405,36.017727],[126.771332,36.030911],[126.791515,36.042182],[126.812104,36.047309],[126.870697,36.061957],[126.868907,36.047512],[126.849132,36.036038],[126.802338,36.020941],[126.765473,35.998277],[126.744477,35.989569],[126.727306,35.993638],[126.711192,35.985785],[126.661335,35.983399],[126.612046,35.97843],[126.521417,35.97052],[126.525736,35.940359],[126.56974,35.945952],[126.599576,35.937654],[126.608809,35.931127],[126.611838,35.90744],[126.612289,35.890224],[126.660091,35.887158],[126.708507,35.884589],[126.733165,35.885565],[126.806651,35.909654],[126.809825,35.911689],[126.821625,35.908149],[126.832286,35.900621],[126.837494,35.893297],[126.8331,35.890041],[126.819347,35.888129],[126.814545,35.883043],[126.812266,35.875678],[126.806163,35.866685],[126.79713,35.86286],[126.784923,35.862047],[126.729096,35.864976],[126.719981,35.863267],[126.711681,35.857733],[126.70338,35.848456],[126.700694,35.83983],[126.709972,35.836005],[126.727622,35.825278],[126.749344,35.813257],[126.768465,35.805555],[126.777668,35.800092],[126.791026,35.791449],[126.789561,35.77969],[126.786143,35.768378],[126.781993,35.76024],[126.771332,35.775214],[126.755382,35.778469],[126.733127,35.792415],[126.698023,35.795939],[126.662154,35.792998],[126.656117,35.788736],[126.644755,35.782902],[126.629389,35.775481],[126.625132,35.745626],[126.597168,35.71389],[126.560346,35.697392],[126.530335,35.683164],[126.511416,35.665533],[126.490977,35.649115],[126.467559,35.639638],[126.466744,35.628875],[126.463736,35.601973],[126.513158,35.576897],[126.65504,35.595771],[126.670177,35.58869],[126.679454,35.571723],[126.692475,35.534369],[126.679047,35.538031],[126.660737,35.556464],[126.642889,35.572775],[126.622977,35.568612],[126.608894,35.552056],[126.594233,35.542488],[126.56245,35.541087],[126.525283,35.534858],[126.492663,35.525333],[126.469814,35.498526],[126.442719,35.446926],[126.425548,35.41767],[126.418224,35.394029],[126.423106,35.383368],[126.456065,35.352769],[126.458507,35.345445],[126.449555,35.344957],[126.431895,35.349351],[126.417247,35.364895],[126.411388,35.369859],[126.389415,35.342475],[126.380707,35.327094],[126.377289,35.31151],[126.378998,35.304592],[126.382172,35.298285],[126.3838,35.291734],[126.380382,35.284166],[126.373871,35.278388],[126.367442,35.274319],[126.361583,35.269029],[126.3567,35.259996],[126.364513,35.258734],[126.368175,35.256741],[126.371349,35.254462],[126.377289,35.25259],[126.359141,35.248969],[126.33839,35.248033],[126.320079,35.244574],[126.30893,35.233303],[126.337413,35.233588],[126.350678,35.235338],[126.363536,35.239488],[126.361583,35.225653],[126.36671,35.217719],[126.377289,35.211615],[126.375092,35.202379],[126.370372,35.196967],[126.365733,35.192857],[126.363536,35.187974],[126.371104,35.173529],[126.403901,35.142157],[126.414154,35.119696],[126.420746,35.114203],[126.428722,35.110541],[126.44752,35.106676],[126.452403,35.100287],[126.452891,35.082465],[126.450287,35.066596],[126.425059,35.019761],[126.414399,35.028754],[126.407237,35.038967],[126.40561,35.049954],[126.411388,35.061347],[126.403819,35.064887],[126.386974,35.065375],[126.377289,35.068183],[126.365326,35.074042],[126.361664,35.077297],[126.360688,35.082953],[126.3567,35.096137],[126.353608,35.097846],[126.348969,35.096422],[126.344981,35.096422],[126.343028,35.102362],[126.344249,35.10814],[126.348725,35.117499],[126.35141,35.135972],[126.350108,35.145575],[126.343028,35.156968],[126.334972,35.134101],[126.327891,35.122626],[126.315196,35.115953],[126.307221,35.131781],[126.289073,35.13939],[126.268647,35.137152],[126.254242,35.12344],[126.257823,35.106838],[126.283539,35.078843],[126.274181,35.068183],[126.288341,35.052965],[126.302501,35.053371],[126.309418,35.06623],[126.301524,35.08869],[126.320649,35.083319],[126.338227,35.070136],[126.36671,35.037787],[126.374115,35.016832],[126.346202,34.994086],[126.349213,34.972602],[126.324229,34.976955],[126.312999,34.977444],[126.301524,34.972602],[126.306407,34.963568],[126.312592,34.956122],[126.320079,34.949897],[126.328868,34.944729],[126.324718,34.943264],[126.315196,34.937893],[126.327729,34.931098],[126.345225,34.926418],[126.363292,34.927436],[126.377289,34.937893],[126.376964,34.947252],[126.372081,34.958726],[126.370616,34.968492],[126.380382,34.972602],[126.38795,34.97484],[126.393321,34.979804],[126.399994,34.984565],[126.411388,34.986274],[126.436371,34.981391],[126.430512,34.972602],[126.411632,34.961982],[126.397716,34.951483],[126.395763,34.935045],[126.401703,34.915473],[126.412608,34.898749],[126.425059,34.890692],[126.41212,34.881334],[126.408702,34.873969],[126.411388,34.859036],[126.410981,34.851264],[126.409272,34.844468],[126.405121,34.837226],[126.397716,34.82803],[126.377289,34.811265],[126.370128,34.801337],[126.373546,34.790717],[126.384044,34.786322],[126.40561,34.792182],[126.419318,34.791988],[126.42099,34.802314],[126.429454,34.805609],[126.456065,34.800727],[126.469249,34.804104],[126.478038,34.810452],[126.487153,34.813788],[126.500743,34.808092],[126.496593,34.802802],[126.491222,34.792385],[126.487153,34.787055],[126.493419,34.783149],[126.493419,34.780829],[126.513276,34.782294],[126.523692,34.793931],[126.534923,34.82803],[126.546886,34.847724],[126.548595,34.849066],[126.54713,34.8581],[126.540538,34.874945],[126.541759,34.883246],[126.552745,34.895697],[126.567638,34.901435],[126.581391,34.898017],[126.589447,34.883246],[126.589122,34.87287],[126.584727,34.866767],[126.579438,34.861884],[126.575776,34.855292],[126.575776,34.844875],[126.57838,34.838039],[126.579682,34.831448],[126.575776,34.821763],[126.627696,34.825588],[126.650401,34.82217],[126.665294,34.808092],[126.654877,34.808539],[126.646576,34.807115],[126.631114,34.800727],[126.638194,34.788031],[126.614757,34.789455],[126.56894,34.800727],[126.544444,34.795722],[126.532481,34.782864],[126.530528,34.765286],[126.534923,34.746039],[126.530284,34.747504],[126.527599,34.749254],[126.525157,34.751288],[126.521251,34.753485],[126.50587,34.751044],[126.460149,34.778755],[126.422128,34.764784],[126.392328,34.768607],[126.378317,34.763888],[126.364017,34.74916],[126.36706,34.739664],[126.390179,34.733397],[126.415375,34.739],[126.435767,34.728105],[126.465343,34.729682],[126.490245,34.725572],[126.508393,34.718492],[126.541108,34.683987],[126.562755,34.670966],[126.555431,34.66352],[126.58546,34.641791],[126.60255,34.63288],[126.623627,34.62995],[126.602701,34.625532],[126.573873,34.633111],[126.550038,34.64383],[126.531556,34.652597],[126.519111,34.65037],[126.54005,34.62759],[126.535711,34.623178],[126.525126,34.628902],[126.511193,34.637155],[126.500345,34.645819],[126.4824,34.65167],[126.469362,34.658674],[126.463306,34.665421],[126.452891,34.670966],[126.450531,34.676988],[126.450938,34.680854],[126.450694,34.684882],[126.453336,34.697884],[126.447881,34.705879],[126.405969,34.713408],[126.378613,34.711182],[126.384379,34.693699],[126.376775,34.67947],[126.379855,34.654506],[126.386134,34.635835],[126.396519,34.636604],[126.402902,34.650748],[126.416108,34.652737],[126.412567,34.629766],[126.425299,34.619272],[126.434997,34.606786],[126.455577,34.603095],[126.461518,34.600653],[126.472748,34.602037],[126.46461,34.584662],[126.453136,34.583808],[126.431895,34.595893],[126.382335,34.602729],[126.369884,34.608873],[126.349213,34.656684],[126.345958,34.66767],[126.344249,34.677883],[126.347179,34.687893],[126.3567,34.698228],[126.326182,34.735826],[126.319591,34.747748],[126.313731,34.751044],[126.305919,34.752875],[126.298432,34.753485],[126.290294,34.75023],[126.288829,34.742418],[126.289643,34.73314],[126.288585,34.725572],[126.278087,34.703315],[126.269379,34.671291],[126.271088,34.642483],[126.29184,34.62995],[126.318614,34.619127],[126.322765,34.608873],[126.315522,34.604071],[126.305512,34.604193],[126.301524,34.608873],[126.297618,34.603339],[126.293549,34.601996],[126.29184,34.599107],[126.295258,34.589057],[126.297862,34.588039],[126.318614,34.571682],[126.324962,34.569648],[126.333018,34.57099],[126.340099,34.574368],[126.343028,34.578192],[126.346039,34.584621],[126.352061,34.579779],[126.357026,34.571723],[126.3567,34.568549],[126.380463,34.558905],[126.389008,34.549709],[126.39088,34.53384],[126.40561,34.538642],[126.417328,34.540351],[126.438731,34.540676],[126.448497,34.539293],[126.457042,34.539049],[126.465912,34.540676],[126.46933,34.549709],[126.473481,34.556545],[126.479584,34.561103],[126.486339,34.56094],[126.499278,34.554348],[126.507579,34.554267],[126.513927,34.557807],[126.52296,34.567084],[126.527436,34.568549],[126.539643,34.562974],[126.539317,34.553616],[126.529552,34.542955],[126.513764,34.53384],[126.523204,34.531155],[126.531016,34.527004],[126.537201,34.521064],[126.541759,34.513332],[126.516856,34.512844],[126.490245,34.508612],[126.470307,34.496487],[126.465912,34.472357],[126.481944,34.476752],[126.483735,34.47016],[126.479991,34.457831],[126.479584,34.445014],[126.477306,34.44359],[126.474376,34.438666],[126.475841,34.433254],[126.486583,34.430813],[126.501475,34.429348],[126.5088,34.427232],[126.513764,34.423977],[126.517589,34.413764],[126.514903,34.403551],[126.500743,34.38231],[126.49643,34.379869],[126.491954,34.38109],[126.488536,34.380561],[126.486583,34.364814],[126.484874,34.360826],[126.479584,34.355048],[126.479584,34.348822],[126.505707,34.349921],[126.518321,34.347846],[126.527436,34.341376],[126.529307,34.330024],[126.519867,34.305976],[126.521251,34.294176],[126.532807,34.292222],[126.578868,34.304755],[126.603282,34.300442],[126.603282,34.311998],[126.605317,34.321682],[126.629649,34.389228],[126.633637,34.395697],[126.644786,34.403469],[126.674408,34.409654],[126.682221,34.414008],[126.687348,34.423896],[126.687511,34.431342],[126.690196,34.43594],[126.70338,34.437567],[126.708263,34.436469],[126.71754,34.43183],[126.723643,34.430813],[126.726899,34.43301],[126.728038,34.437893],[126.727061,34.442776],[126.723643,34.445014],[126.708751,34.449897],[126.723155,34.460842],[126.761485,34.479193],[126.739106,34.502672],[126.735118,34.514879],[126.765961,34.523383],[126.765636,34.531806],[126.759288,34.54385],[126.755219,34.557685],[126.758556,34.567206],[126.766938,34.57803],[126.777843,34.586493],[126.788666,34.589057],[126.800059,34.582017],[126.806651,34.568549],[126.807872,34.553168],[126.802338,34.540676],[126.806163,34.521064],[126.802013,34.470404],[126.809825,34.451239],[126.818614,34.446845],[126.857026,34.437567],[126.88502,34.421088],[126.89796,34.417711],[126.892345,34.429389],[126.891856,34.440131],[126.896007,34.449937],[126.904796,34.458686],[126.931407,34.447699],[126.940766,34.454576],[126.938975,34.495917],[126.994151,34.540676],[126.986664,34.553697],[126.991303,34.564358],[127.00058,34.57331],[127.007172,34.581529],[127.009044,34.593207],[127.008556,34.604234],[127.010265,34.612494],[127.017833,34.615709],[127.03004,34.618354],[127.042735,34.624457],[127.062511,34.636868],[127.099132,34.654486],[127.107188,34.660102],[127.125255,34.679755],[127.136241,34.688056],[127.148041,34.691474],[127.173106,34.687201],[127.185313,34.686672],[127.199718,34.691474],[127.213715,34.705552],[127.233897,34.748236],[127.248057,34.766547],[127.272716,34.733791],[127.290782,34.721381],[127.312592,34.72899],[127.331554,34.741156],[127.338634,34.7331],[127.344005,34.715277],[127.357921,34.698228],[127.350108,34.687812],[127.336436,34.663642],[127.329926,34.656684],[127.314464,34.651923],[127.302989,34.655015],[127.294444,34.66413],[127.288422,34.677191],[127.293712,34.686713],[127.292003,34.694525],[127.285167,34.700629],[127.27475,34.705146],[127.245942,34.6789],[127.240571,34.670966],[127.241466,34.655829],[127.247406,34.648098],[127.255138,34.641506],[127.260997,34.62995],[127.261322,34.600409],[127.246674,34.583726],[127.222179,34.576361],[127.192882,34.574774],[127.20753,34.60399],[127.212413,34.620185],[127.21339,34.636868],[127.198822,34.631008],[127.191661,34.623603],[127.17921,34.602037],[127.159028,34.580024],[127.151866,34.574774],[127.129649,34.56391],[127.123302,34.555365],[127.124522,34.540676],[127.1338,34.526313],[127.147227,34.520494],[127.162934,34.517971],[127.17921,34.513332],[127.176362,34.51732],[127.172374,34.527574],[127.212006,34.544664],[127.223481,34.54682],[127.260997,34.513332],[127.275082,34.489453],[127.315926,34.444901],[127.343598,34.445014],[127.330821,34.456488],[127.327802,34.473929],[127.356618,34.491965],[127.374941,34.485037],[127.391788,34.50478],[127.43922,34.540676],[127.418419,34.55528],[127.380408,34.547105],[127.37194,34.551733],[127.357921,34.554267],[127.345958,34.575019],[127.343598,34.578192],[127.349376,34.585842],[127.363048,34.593899],[127.379161,34.600002],[127.3921,34.602037],[127.406749,34.598131],[127.45224,34.574774],[127.46461,34.577338],[127.484141,34.576565],[127.49444,34.583777],[127.50359,34.591325],[127.500759,34.612164],[127.495209,34.623236],[127.45224,34.636868],[127.459727,34.638251],[127.477306,34.63817],[127.487559,34.636868],[127.466156,34.662177],[127.434906,34.678697],[127.406016,34.700019],[127.3921,34.739814],[127.394867,34.742499],[127.400238,34.743638],[127.402354,34.747138],[127.395274,34.756659],[127.385265,34.760199],[127.366466,34.753974],[127.357921,34.759711],[127.361583,34.773342],[127.383067,34.783271],[127.425548,34.79442],[127.425548,34.800727],[127.404307,34.805854],[127.37851,34.815131],[127.365326,34.824042],[127.381602,34.82803],[127.424815,34.827135],[127.444672,34.829169],[127.47877,34.839057],[127.483897,34.839545],[127.487315,34.841498],[127.493907,34.849066],[127.510997,34.884711],[127.514415,34.886949],[127.516612,34.891099],[127.521251,34.889838],[127.52589,34.885443],[127.528087,34.879828],[127.52711,34.874701],[127.522716,34.864936],[127.521821,34.859036],[127.524425,34.84927],[127.539561,34.823065],[127.536632,34.819241],[127.534923,34.813218],[127.535411,34.808092],[127.540294,34.803778],[127.546153,34.803046],[127.551768,34.802924],[127.555919,34.800727],[127.571788,34.772528],[127.579845,34.763129],[127.584483,34.746243],[127.575043,34.726549],[127.562022,34.705715],[127.555919,34.684556],[127.560802,34.662177],[127.572276,34.647406],[127.590099,34.639309],[127.614024,34.636868],[127.630382,34.622707],[127.640717,34.617987],[127.645274,34.626288],[127.63795,34.670966],[127.632091,34.685045],[127.624278,34.698228],[127.629242,34.699286],[127.630626,34.701117],[127.632091,34.701402],[127.63795,34.698228],[127.656261,34.731269],[127.678559,34.727362],[127.706391,34.715888],[127.741547,34.725572],[127.749848,34.737128],[127.761322,34.787055],[127.771251,34.815334],[127.774506,34.829332],[127.775645,34.849066],[127.756847,34.840806],[127.739757,34.841702],[127.721446,34.844631],[127.699962,34.842271],[127.668956,34.818345],[127.656505,34.811916],[127.646007,34.816067],[127.634776,34.82803],[127.618907,34.836412],[127.601166,34.85635],[127.585704,34.879218],[127.576427,34.896918],[127.575287,34.913642],[127.580658,34.933661],[127.591563,34.946438],[127.607188,34.941311],[127.626069,34.909735],[127.641124,34.899115],[127.66212,34.906806],[127.699962,34.931627],[127.709239,34.940416],[127.713227,34.946723],[127.72047,34.965155],[127.718272,34.970404],[127.716563,34.982367],[127.719249,34.990058],[127.730724,34.982571],[127.736583,34.972886],[127.739024,34.965277],[127.744395,34.960191],[127.757904,34.958319],[127.798432,34.958645],[127.805024,34.957139],[127.81544,34.95482],[127.830333,34.944729],[127.836436,34.949449],[127.84433,34.950181],[127.853852,34.948188],[127.864513,34.944729],[127.891205,34.946682],[127.91212,34.962063],[127.922862,34.987535],[127.925792,35.019761],[127.937022,35.012641],[127.94337,35.002834],[127.953868,34.978827],[127.979747,34.992255],[128.006847,34.991767],[128.019298,34.998684],[128.000987,35.034084],[128.024994,35.035793],[128.040863,35.049221],[128.053722,35.067125],[128.069347,35.082465],[128.068126,35.070217],[128.063731,35.060614],[128.058604,35.05329],[128.055675,35.047756],[128.054047,35.035834],[128.055675,34.961737],[128.054047,34.955024],[128.051524,34.947496],[128.051036,34.939643],[128.055675,34.931627],[128.063975,34.927924],[128.087494,34.926256],[128.101899,34.923529],[128.113048,34.925198],[128.117686,34.924221],[128.118744,34.920356],[128.118988,34.905707],[128.121104,34.900295],[128.139415,34.891913],[128.185883,34.893622],[128.207042,34.890692],[128.206554,34.905504],[128.208588,34.920844],[128.214122,34.932929],[128.224132,34.937893],[128.246837,34.935981],[128.257904,34.930162],[128.279063,34.906806],[128.302257,34.908026],[128.318696,34.934068],[128.335053,34.947333],[128.357758,34.909898],[128.334727,34.902574],[128.324474,34.897284],[128.326508,34.889065],[128.340831,34.872707],[128.35377,34.868476],[128.415863,34.862738],[128.410899,34.856024],[128.40268,34.854804],[128.383397,34.854587],[128.382883,34.83929],[128.41293,34.837635],[128.435313,34.843166],[128.460541,34.870185],[128.474457,34.890692],[128.460948,34.903713],[128.457856,34.893866],[128.450938,34.885891],[128.442149,34.88349],[128.432953,34.890692],[128.44044,34.931627],[128.441742,34.95246],[128.441417,34.959947],[128.44044,34.965155],[128.433686,34.9737],[128.424653,34.978013],[128.420014,34.982733],[128.426768,34.992499],[128.439708,34.988105],[128.459239,34.987372],[128.47877,34.990058],[128.491547,34.995917],[128.499604,35.009223],[128.497569,35.020697],[128.491547,35.033596],[128.488129,35.051174],[128.471202,35.050238],[128.37143,35.006781],[128.37143,35.013577],[128.382091,35.02261],[128.384044,35.036363],[128.389171,35.049018],[128.428477,35.057807],[128.462738,35.071967],[128.481293,35.075019],[128.469737,35.088365],[128.469086,35.095404],[128.478119,35.099066],[128.511241,35.104234],[128.526378,35.103461],[128.580333,35.087877],[128.587169,35.083319],[128.596772,35.075019],[128.600108,35.06859],[128.600597,35.061916],[128.603608,35.056627],[128.614268,35.054592],[128.634532,35.054633],[128.643321,35.056545],[128.65211,35.061347],[128.64503,35.062893],[128.63266,35.067288],[128.624766,35.068183],[128.629487,35.081488],[128.627045,35.090766],[128.610362,35.109198],[128.601817,35.121243],[128.597667,35.13052],[128.590587,35.156968],[128.577891,35.178656],[128.578136,35.189358],[128.590587,35.20539],[128.602061,35.213935],[128.607921,35.211168],[128.617931,35.184882],[128.614024,35.177436],[128.622325,35.157375],[128.617931,35.143256],[128.638031,35.149848],[128.651703,35.140774],[128.664073,35.126125],[128.679942,35.115953],[128.680512,35.131415],[128.687755,35.140611],[128.6963,35.1435],[128.70045,35.139879],[128.70045,35.096137],[128.715831,35.105862],[128.727794,35.104722],[128.738689,35.087988],[128.761971,35.079392],[128.771988,35.083313],[128.781077,35.111062],[128.787773,35.101319],[128.791555,35.082953],[128.857402,35.083823],[128.882186,35.081485],[128.889252,35.105455],[128.897926,35.121305],[128.904586,35.12051],[128.903635,35.10139],[128.904593,35.081099],[128.91842,35.081882],[128.948944,35.125975],[128.95801,35.136897],[128.962778,35.133386],[128.961341,35.118955],[128.953704,35.093202],[128.95036,35.072913],[128.958447,35.050387],[128.965125,35.043649],[128.974864,35.048651],[128.985112,35.054284],[128.989405,35.052694],[128.99277,35.045963],[129.000402,35.04595],[128.998015,35.066281],[128.997026,35.075728],[129.008957,35.065134],[129.013754,35.055307],[129.021862,35.059983],[129.02569,35.079502],[129.037627,35.097834],[129.06384,35.120847],[129.071998,35.112617],[129.082966,35.105185],[129.101078,35.092276],[129.12347,35.100845],[129.128601,35.114148],[129.127281,35.125825],[129.119297,35.135567],[129.120257,35.149617],[129.132205,35.150766],[129.143077,35.154771],[129.153412,35.154283],[129.16748,35.156168],[129.178896,35.155757],[129.194347,35.155504],[129.201084,35.166628],[129.210693,35.183001],[129.228479,35.200531],[129.24439,35.228218],[129.255707,35.246975],[129.255382,35.25259],[129.249735,35.266228],[129.256484,35.274422],[129.2624,35.283989],[129.264126,35.302428],[129.269206,35.316767],[129.29272,35.316049],[129.320513,35.338545],[129.339875,35.348074],[129.360444,35.353583],[129.361814,35.367172],[129.35513,35.372667],[129.346787,35.382273],[129.355262,35.394572],[129.364581,35.40687],[129.360503,35.426056],[129.359223,35.444648],[129.357758,35.451809],[129.365733,35.458319],[129.377208,35.459174],[129.387462,35.462307],[129.391856,35.475735],[129.390961,35.489936],[129.387055,35.502265],[129.378917,35.510688],[129.365245,35.513251],[129.373546,35.532782],[129.387462,35.529853],[129.400401,35.512641],[129.406261,35.489691],[129.412852,35.472073],[129.427989,35.478746],[129.444428,35.496812],[129.4546,35.513251],[129.461351,35.552061],[129.463488,35.577883],[129.467275,35.599668],[129.46059,35.609294],[129.451376,35.618243],[129.443053,35.63609],[129.451576,35.651802],[129.471126,35.683222],[129.497651,35.74787],[129.496216,35.785074],[129.522134,35.844552],[129.532839,35.913013],[129.53559,35.939036],[129.571644,35.997124],[129.58725,36.016913],[129.582042,36.036811],[129.574962,36.054674],[129.5713,36.071845],[129.554795,36.082478],[129.542572,36.065904],[129.479015,36.009589],[129.453331,35.993287],[129.433051,35.996108],[129.417081,36.011913],[129.401937,36.02566],[129.380859,36.041487],[129.381783,36.055175],[129.398448,36.066311],[129.408295,36.068915],[129.418712,36.072984],[129.426768,36.081773],[129.430512,36.097398],[129.425141,36.103013],[129.417084,36.107571],[129.409679,36.133612],[129.403901,36.167629],[129.398529,36.172675],[129.391856,36.176337],[129.385753,36.185452],[129.382335,36.20185],[129.386567,36.322699],[129.391856,36.342475],[129.403901,36.359442],[129.434825,36.389594],[129.440929,36.407945],[129.447113,36.493313],[129.441661,36.534654],[129.427989,36.57567],[129.422862,36.614976],[129.422618,36.616645],[129.440929,36.657782],[129.463471,36.69245],[129.473888,36.730618],[129.471202,36.771877],[129.437999,36.856147],[129.428722,36.897406],[129.419932,36.986762],[129.41269,37.018052],[129.413097,37.027737],[129.418956,37.03852],[129.428233,37.049547],[129.434093,37.061103],[129.430186,37.073065],[129.378917,37.130113],[129.360118,37.17178],[129.346446,37.247504],[129.331065,37.282172],[129.282807,37.324449],[129.27589,37.339911],[129.272227,37.355862],[129.262787,37.370917],[129.235444,37.398261],[129.189952,37.469387],[129.17685,37.48017],[129.161225,37.487616],[129.148204,37.505113],[129.118988,37.580634],[129.108735,37.597398],[129.073334,37.613023],[129.067149,37.633857],[129.066905,37.658433],[129.06422,37.67886],[129.012299,37.72724],[129.001313,37.734361],[128.923839,37.802314],[128.859141,37.876776],[128.692475,38.064927],[128.678722,38.094306],[128.642833,38.129299],[128.631602,38.144965],[128.562755,38.288967],[128.474457,38.426093],[128.450694,38.474107],[128.441417,38.505805],[128.394786,38.57807],[128.364919,38.624335],[128.364594,38.624742],[128.360362,38.642768],[128.361339,38.660712],[128.359955,38.67536],[128.35963,38.678656],[128.347667,38.696723],[128.338145,38.703559],[128.321056,38.711412],[128.313243,38.717231],[128.282807,38.755072],[128.270356,38.751654],[128.225108,38.732327],[128.210216,38.727729],[128.091156,38.843736],[128.014659,38.85814],[127.995453,38.875312],[127.961762,38.917914],[127.943614,38.926418],[127.933849,38.928656],[127.92628,38.934475],[127.921479,38.942328],[127.918224,38.95775],[127.914317,38.964179],[127.908702,38.96719],[127.902192,38.963935],[127.892914,38.957465],[127.888682,38.961371],[127.885509,38.974189],[127.851573,39.00141],[127.836518,39.0185],[127.830333,39.032864],[127.823741,39.043036],[127.792572,39.077541],[127.769623,39.109198],[127.759288,39.117011],[127.744151,39.118598],[127.675629,39.11815],[127.661388,39.121487],[127.651703,39.129299],[127.643077,39.138577],[127.631684,39.146145],[127.606944,39.152045],[127.531749,39.146145],[127.511729,39.15644],[127.491303,39.194892],[127.473399,39.193305],[127.473643,39.187161],[127.476085,39.177069],[127.471934,39.16828],[127.45224,39.165961],[127.441254,39.170844],[127.420177,39.189195],[127.408539,39.193305],[127.393403,39.201728],[127.382904,39.221991],[127.37203,39.240426],[127.378429,39.268988],[127.386729,39.297187],[127.398285,39.323676],[127.396983,39.329657],[127.39267,39.336412],[127.391938,39.341864],[127.401378,39.344143],[127.408295,39.343248],[127.414561,39.340644],[127.420258,39.336371],[127.425548,39.330471],[127.435395,39.334784],[127.466807,39.340155],[127.473399,39.347561],[127.46754,39.363837],[127.453868,39.367987],[127.437836,39.364244],[127.425548,39.357123],[127.414073,39.361802],[127.389903,39.367011],[127.378429,39.371487],[127.378429,39.378852],[127.425548,39.392524],[127.431,39.397284],[127.43808,39.405178],[127.44044,39.407864],[127.469981,39.429755],[127.482921,39.436998],[127.495128,39.433417],[127.503998,39.422838],[127.507579,39.409247],[127.542247,39.371487],[127.526947,39.344224],[127.5206,39.329413],[127.521821,39.31623],[127.53183,39.305121],[127.543468,39.301947],[127.554454,39.305976],[127.562104,39.31623],[127.562999,39.343736],[127.535411,39.443752],[127.520439,39.510465],[127.53677,39.552012],[127.574555,39.595038],[127.570323,39.617865],[127.552745,39.636786],[127.528087,39.645819],[127.518565,39.644843],[127.512218,39.649482],[127.508556,39.660061],[127.506358,39.683783],[127.50172,39.698472],[127.501313,39.707221],[127.503754,39.715522],[127.512462,39.731106],[127.514415,39.738593],[127.520844,39.746975],[127.549408,39.761054],[127.56186,39.784003],[127.57602,39.796291],[127.593028,39.80622],[127.607188,39.810248],[127.623749,39.830935],[127.648699,39.820897],[127.663291,39.806801],[127.679629,39.816439],[127.69575,39.848201],[127.727383,39.857189],[127.762438,39.853534],[127.794037,39.865668],[127.796397,39.875637],[127.78183,39.885403],[127.874604,39.892808],[127.884044,39.902086],[127.891263,39.943831],[127.891038,39.961225],[127.906659,39.983942],[127.930268,39.97191],[127.940033,39.974758],[127.947276,39.981635],[127.963715,40.004096]]}},{"type":"Feature","properties":{},"geometry":{"type":"LineString","coordinates":[[130.153087,32.203762],[130.132009,32.21133],[130.121104,32.212633],[130.113292,32.207587],[130.111095,32.193305],[130.115082,32.175442],[130.12322,32.158922],[130.133311,32.149115],[130.127778,32.13231],[130.134613,32.117987],[130.149262,32.1105],[130.167328,32.114325],[130.173595,32.124335],[130.190766,32.164618],[130.194102,32.176418],[130.187266,32.196357],[130.176036,32.203355],[130.153087,32.203762]]}},{"type":"Feature","properties":{},"geometry":{"type":"LineString","coordinates":[[130.410004,32.511623],[130.391775,32.508734],[130.383311,32.509426],[130.379649,32.515326],[130.377208,32.522895],[130.370942,32.527045],[130.363048,32.527086],[130.341563,32.51435],[130.305186,32.504055],[130.290294,32.497952],[130.267833,32.484198],[130.247895,32.464586],[130.239106,32.460273],[130.225108,32.458197],[130.218598,32.455959],[130.213634,32.450426],[130.213064,32.43651],[130.22169,32.421861],[130.241954,32.395494],[130.264822,32.403632],[130.284434,32.407538],[130.324474,32.409817],[130.34311,32.42182],[130.353852,32.42414],[130.358653,32.412909],[130.357921,32.391181],[130.358735,32.37995],[130.362315,32.374986],[130.392833,32.397162],[130.434825,32.492743],[130.468516,32.511623],[130.457042,32.52558],[130.440196,32.523993],[130.410004,32.511623]]}},{"type":"Feature","properties":{},"geometry":{"type":"LineString","coordinates":[[130.160492,32.546332],[130.139822,32.547675],[130.120291,32.542873],[130.102794,32.536526],[130.076915,32.530992],[130.056488,32.521186],[130.043224,32.519029],[130.03297,32.521918],[130.02475,32.527737],[130.015473,32.532782],[130.00294,32.533352],[130.025401,32.502143],[130.030284,32.482408],[130.02003,32.460679],[130.006521,32.444037],[129.994395,32.42414],[129.989024,32.404486],[129.995453,32.388658],[129.98699,32.382961],[129.980479,32.375637],[129.976573,32.366441],[129.975271,32.355414],[129.979747,32.332994],[129.991466,32.314439],[130.0088,32.305894],[130.030284,32.313625],[130.046153,32.308254],[130.05421,32.306952],[130.064301,32.306789],[130.053233,32.296536],[130.042166,32.294501],[130.030121,32.295233],[130.016612,32.293118],[129.996267,32.282172],[129.965343,32.258205],[129.961274,32.252143],[129.958018,32.242377],[129.958344,32.237535],[129.975841,32.245917],[129.986339,32.244371],[129.997325,32.244045],[130.009125,32.252143],[129.994395,32.199897],[129.995453,32.19066],[130.011974,32.190619],[130.036876,32.199774],[130.061046,32.211859],[130.074962,32.220771],[130.096934,32.245022],[130.105317,32.252143],[130.127778,32.26142],[130.133311,32.265123],[130.153087,32.303371],[130.157725,32.310248],[130.181407,32.318264],[130.190684,32.323554],[130.199229,32.33275],[130.20338,32.338853],[130.205577,32.346625],[130.208344,32.373277],[130.206798,32.381252],[130.204112,32.387641],[130.201508,32.395494],[130.198985,32.48017],[130.189464,32.521796],[130.160492,32.546332]]}},{"type":"Feature","properties":{},"geometry":{"type":"LineString","coordinates":[[128.878427,32.673925],[128.855226,32.688864],[128.842069,32.703861],[128.849783,32.742743],[128.842296,32.759467],[128.827688,32.761903],[128.810557,32.766059],[128.810802,32.774888],[128.812022,32.782416],[128.80849,32.799908],[128.784125,32.788181],[128.779224,32.776625],[128.743175,32.758287],[128.721849,32.754283],[128.705365,32.747461],[128.699653,32.743771],[128.685738,32.770916],[128.679047,32.782904],[128.660818,32.782782],[128.65094,32.775413],[128.641768,32.761384],[128.650401,32.744534],[128.644054,32.733303],[128.642263,32.728013],[128.642589,32.722398],[128.64503,32.717963],[128.64796,32.713853],[128.650645,32.709296],[128.653494,32.699612],[128.654552,32.68887],[128.654307,32.677965],[128.65268,32.667914],[128.639659,32.641262],[128.638682,32.635159],[128.636241,32.643744],[128.633067,32.665473],[128.631847,32.669867],[128.624278,32.667304],[128.618175,32.659654],[128.613536,32.650214],[128.610606,32.642524],[128.603819,32.630598],[128.600439,32.614178],[128.618544,32.609536],[128.652631,32.591075],[128.662852,32.601549],[128.712413,32.604315],[128.736042,32.603494],[128.755382,32.580512],[128.77311,32.571666],[128.790201,32.586385],[128.792228,32.597942],[128.794959,32.610093],[128.780121,32.624823],[128.775157,32.627143],[128.772227,32.631903],[128.77589,32.642524],[128.779633,32.646796],[128.788097,32.648505],[128.793224,32.652493],[128.815488,32.64681],[128.817716,32.63459],[128.857899,32.643409],[128.880931,32.642359],[128.899262,32.642524],[128.901134,32.645982],[128.901134,32.646918],[128.893712,32.657618],[128.878427,32.673925]]}},{"type":"Feature","properties":{},"geometry":{"type":"LineString","coordinates":[[129.097992,32.988267],[129.097254,33.018106],[129.099271,33.035687],[129.102712,33.054493],[129.111967,33.070309],[129.11831,33.088531],[129.123911,33.109173],[129.115908,33.113975],[129.108594,33.122418],[129.112128,33.131535],[129.116387,33.140656],[129.117667,33.158859],[129.10818,33.166688],[129.096262,33.125375],[129.098547,33.114491],[129.106619,33.101188],[129.101725,33.082973],[129.085875,33.076208],[129.080997,33.056782],[129.084321,33.043199],[129.083995,33.023383],[129.077737,33.020398],[129.067645,33.019116],[129.065211,33.043954],[129.048622,33.039603],[129.042584,33.00016],[129.054454,32.979315],[129.035038,32.967404],[129.02042,32.980625],[128.998076,32.966534],[128.98146,32.960352],[128.979423,32.947609],[128.98878,32.944159],[129.024262,32.937893],[129.033051,32.933336],[129.04782,32.909965],[129.041475,32.896],[129.040414,32.862728],[129.04713,32.841457],[129.045723,32.822093],[129.064952,32.817816],[129.068533,32.825914],[129.068696,32.839179],[129.061495,32.848384],[129.06792,32.861183],[129.086192,32.857245],[129.096572,32.856942],[129.097992,32.868476],[129.098481,32.875149],[129.090551,32.89148],[129.092537,32.906608],[129.100352,32.919013],[129.117543,32.935841],[129.137218,32.938178],[129.156325,32.95849],[129.175955,32.966986],[129.182807,32.984686],[129.169628,33.005817],[129.109711,32.982896],[129.097992,32.988267]]}},{"type":"Feature","properties":{},"geometry":{"type":"LineString","coordinates":[[129.555684,33.410805],[129.525321,33.404927],[129.523456,33.390567],[129.53931,33.379488],[129.522916,33.368377],[129.515914,33.378395],[129.50831,33.382092],[129.49513,33.358295],[129.442663,33.348066],[129.440896,33.32526],[129.437265,33.29668],[129.406411,33.274951],[129.408432,33.253824],[129.416769,33.23693],[129.393961,33.239526],[129.382005,33.22892],[129.377657,33.21464],[129.384665,33.2041],[129.396007,33.202582],[129.403087,33.197659],[129.406505,33.194037],[129.400157,33.185696],[129.384782,33.183493],[129.360701,33.198718],[129.349869,33.213468],[129.34496,33.190197],[129.342501,33.17962],[129.358084,33.176947],[129.376021,33.169719],[129.412591,33.178318],[129.446605,33.19852],[129.493095,33.245163],[129.502478,33.26526],[129.501148,33.280032],[129.514386,33.288012],[129.514342,33.298045],[129.52634,33.303384],[129.538317,33.315595],[129.527528,33.323477],[129.542028,33.335677],[129.555874,33.353145],[129.562163,33.366394],[129.555684,33.410805]]}},{"type":"Feature","properties":{},"geometry":{"type":"LineString","coordinates":[[126.946056,33.478013],[126.94337,33.473822],[126.937022,33.469468],[126.932384,33.464911],[126.922699,33.47663],[126.912852,33.506578],[126.898204,33.518988],[126.849946,33.53498],[126.835216,33.544582],[126.823366,33.55944],[126.79236,33.563797],[126.745505,33.560556],[126.664692,33.549676],[126.648798,33.553426],[126.582434,33.529284],[126.484935,33.520758],[126.45938,33.502381],[126.35736,33.477961],[126.310567,33.464476],[126.297949,33.441715],[126.270661,33.435874],[126.240977,33.392768],[126.206228,33.375556],[126.195811,33.366685],[126.178966,33.341457],[126.161143,33.300767],[126.171397,33.269355],[126.200824,33.243552],[126.231151,33.234923],[126.253917,33.204047],[126.27003,33.197577],[126.286143,33.200385],[126.30379,33.226559],[126.333427,33.238169],[126.428458,33.239309],[126.470562,33.228714],[126.521209,33.236618],[126.565527,33.232908],[126.606919,33.24061],[126.640723,33.264666],[126.741793,33.280208],[126.780141,33.30555],[126.806407,33.303616],[126.815929,33.307807],[126.840587,33.310207],[126.847239,33.323218],[126.847956,33.332065],[126.862992,33.354141],[126.87353,33.373046],[126.907507,33.395725],[126.925548,33.413153],[126.927257,33.416083],[126.935802,33.425482],[126.93922,33.430854],[126.93922,33.436265],[126.932872,33.445502],[126.932384,33.451321],[126.939301,33.458238],[126.948985,33.460598],[126.953624,33.465033],[126.946056,33.478013]]}},{"type":"Feature","properties":{},"geometry":{"type":"LineString","coordinates":[[132.243663,33.79328],[132.225759,33.799872],[132.208751,33.800116],[132.195323,33.793524],[132.188324,33.77969],[132.204438,33.782131],[132.236339,33.768541],[132.257335,33.766018],[132.27296,33.768541],[132.274099,33.772203],[132.252452,33.785346],[132.243663,33.79328]]}},{"type":"Feature","properties":{},"geometry":{"type":"LineString","coordinates":[[129.776378,33.773424],[129.776378,33.77969],[129.781912,33.781155],[129.79127,33.78498],[129.796886,33.786444],[129.781095,33.792393],[129.766787,33.802095],[129.762872,33.812344],[129.762203,33.823138],[129.76804,33.83665],[129.767263,33.84455],[129.700694,33.861558],[129.688648,33.871146],[129.68672,33.859796],[129.678952,33.848985],[129.673144,33.832218],[129.678402,33.814931],[129.656934,33.815454],[129.658269,33.803574],[129.660283,33.783592],[129.687022,33.766018],[129.687022,33.759182],[129.676931,33.760728],[129.646658,33.772773],[129.649304,33.75604],[129.657127,33.742555],[129.670763,33.750139],[129.681161,33.744218],[129.677294,33.729095],[129.690957,33.715612],[129.71046,33.700832],[129.721039,33.69774],[129.722767,33.716748],[129.735064,33.736739],[129.760379,33.737305],[129.783865,33.738186],[129.799653,33.751044],[129.799571,33.764838],[129.776378,33.773424]]}},{"type":"Feature","properties":{},"geometry":{"type":"LineString","coordinates":[[132.236176,33.869045],[132.243663,33.861558],[132.254649,33.865668],[132.272146,33.860419],[132.284516,33.861558],[132.288829,33.868354],[132.29184,33.87873],[132.298106,33.884019],[132.311778,33.875881],[132.318614,33.883287],[132.328624,33.875067],[132.3296,33.86579],[132.32838,33.856513],[132.332367,33.847968],[132.340587,33.844957],[132.362559,33.845445],[132.374034,33.841702],[132.377452,33.852037],[132.379405,33.861884],[132.380707,33.88642],[132.384776,33.894192],[132.394542,33.899319],[132.418956,33.905666],[132.428477,33.902533],[132.436534,33.903551],[132.457856,33.92768],[132.469493,33.937934],[132.453949,33.937567],[132.427582,33.939887],[132.415538,33.937934],[132.409679,33.933905],[132.407074,33.923041],[132.401215,33.916815],[132.395274,33.915473],[132.380219,33.917548],[132.374034,33.916815],[132.353201,33.903388],[132.340099,33.897203],[132.326182,33.896308],[132.298188,33.930487],[132.27947,33.94123],[132.253591,33.9501],[132.226085,33.952704],[132.201915,33.94477],[132.18629,33.92121],[132.19337,33.89765],[132.208263,33.87519],[132.216319,33.855373],[132.22641,33.860663],[132.231212,33.863918],[132.236176,33.869045]]}},{"type":"Feature","properties":{},"geometry":{"type":"LineString","coordinates":[[132.555186,34.071357],[132.569835,34.075873],[132.580577,34.09984],[132.577647,34.118883],[132.551524,34.108588],[132.54949,34.121487],[132.549001,34.133368],[132.546235,34.144965],[132.537852,34.15705],[132.545095,34.158149],[132.547862,34.161689],[132.549001,34.166327],[132.551524,34.17064],[132.543305,34.176703],[132.532481,34.177314],[132.519298,34.174384],[132.506602,34.167792],[132.496837,34.15705],[132.51002,34.131822],[132.497325,34.117133],[132.473969,34.105211],[132.455333,34.088121],[132.478038,34.080471],[132.532237,34.082099],[132.555186,34.071357]]}},{"type":"Feature","properties":{},"geometry":{"type":"LineString","coordinates":[[132.999475,34.208377],[133.034841,34.207343],[133.051768,34.222317],[133.055675,34.242377],[133.044932,34.273098],[133.03004,34.295315],[133.01002,34.291246],[132.98878,34.273017],[132.969737,34.252631],[132.97934,34.252183],[132.987315,34.248847],[132.99171,34.242255],[132.990896,34.232123],[132.98585,34.226955],[132.969493,34.223049],[132.962901,34.218451],[132.954845,34.198188],[132.963878,34.191881],[132.999475,34.208377]]}},{"type":"Feature","properties":{},"geometry":{"type":"LineString","coordinates":[[129.312528,34.279756],[129.301436,34.288097],[129.302462,34.307787],[129.289385,34.317824],[129.280197,34.322872],[129.268925,34.322464],[129.270787,34.31532],[129.275288,34.307597],[129.262043,34.307761],[129.24822,34.300442],[129.238718,34.299287],[129.230672,34.293363],[129.224053,34.293443],[129.224356,34.312611],[129.228461,34.320781],[129.225245,34.327403],[129.207361,34.329277],[129.198535,34.316228],[129.195885,34.272993],[129.188822,34.249553],[129.18926,34.234227],[129.1805,34.227217],[129.17588,34.195509],[129.178803,34.169765],[129.170354,34.146816],[129.171634,34.106807],[129.177629,34.10893],[129.190308,34.114811],[129.198307,34.110992],[129.210731,34.099961],[129.216062,34.098339],[129.220421,34.088878],[129.2318,34.094814],[129.235858,34.100763],[129.248297,34.099927],[129.25109,34.10757],[129.262424,34.114496],[129.264583,34.123787],[129.276587,34.129111],[129.283519,34.146005],[129.283735,34.157505],[129.287848,34.16512],[129.294494,34.166678],[129.297212,34.170476],[129.29809,34.181964],[129.299714,34.197823],[129.302579,34.209285],[129.298021,34.213177],[129.297464,34.218658],[129.309384,34.219052],[129.324803,34.229253],[129.321053,34.240796],[129.318076,34.25835],[129.32561,34.271385],[129.34296,34.278278],[129.347103,34.286978],[129.342583,34.293052],[129.316784,34.294469],[129.312528,34.279756]]}},{"type":"Feature","properties":{},"geometry":{"type":"LineString","coordinates":[[127.173025,34.48371],[127.14031,34.478705],[127.12436,34.473334],[127.110525,34.464911],[127.119884,34.459703],[127.12379,34.455227],[127.122813,34.450588],[127.117361,34.445014],[127.117361,34.437567],[127.141287,34.424302],[127.153005,34.419582],[127.168956,34.417711],[127.210216,34.423977],[127.228689,34.430243],[127.241873,34.445461],[127.245128,34.464057],[127.234223,34.480292],[127.220551,34.485745],[127.204275,34.486762],[127.173025,34.48371]]}},{"type":"Feature","properties":{},"geometry":{"type":"LineString","coordinates":[[126.380056,34.49844],[126.350352,34.538153],[126.349457,34.54682],[126.326834,34.535061],[126.322276,34.53384],[126.315603,34.538275],[126.310802,34.545152],[126.307872,34.551459],[126.305431,34.554267],[126.29477,34.558905],[126.280447,34.568305],[126.263927,34.575751],[126.247732,34.574774],[126.241059,34.566474],[126.266775,34.54975],[126.274425,34.537258],[126.268321,34.52204],[126.254161,34.51435],[126.238292,34.515692],[126.226573,34.527574],[126.223806,34.513414],[126.216563,34.508979],[126.207042,34.507636],[126.1963,34.502753],[126.187022,34.494208],[126.181163,34.486518],[126.17213,34.464911],[126.144216,34.463202],[126.115733,34.436184],[126.103282,34.402777],[126.124278,34.38231],[126.124278,34.403469],[126.153087,34.388495],[126.158458,34.38231],[126.15561,34.377183],[126.148204,34.37108],[126.142589,34.363756],[126.144786,34.355048],[126.156423,34.352607],[126.198497,34.355536],[126.209972,34.358791],[126.305186,34.401679],[126.309255,34.417711],[126.309255,34.423977],[126.317149,34.419908],[126.334239,34.406562],[126.335948,34.403469],[126.345876,34.409003],[126.353852,34.419582],[126.373546,34.454413],[126.378917,34.469306],[126.381602,34.484687],[126.380056,34.49844]]}},{"type":"Feature","properties":{},"geometry":{"type":"LineString","coordinates":[[129.452647,34.619452],[129.461925,34.621894],[129.472423,34.616767],[129.480913,34.61991],[129.488278,34.635678],[129.487802,34.646006],[129.478142,34.650721],[129.46912,34.652559],[129.477579,34.657036],[129.483278,34.662697],[129.487751,34.676397],[129.480724,34.683987],[129.470664,34.692685],[129.464561,34.700805],[129.45062,34.701002],[129.438615,34.693713],[129.423305,34.695071],[129.418228,34.685392],[129.425745,34.677801],[129.409662,34.675173],[129.39037,34.654471],[129.378337,34.644852],[129.360968,34.648007],[129.33657,34.648411],[129.3233,34.648072],[129.307844,34.603463],[129.303359,34.586877],[129.289107,34.569867],[129.290945,34.556072],[129.308456,34.560387],[129.325546,34.542327],[129.326119,34.535439],[129.304931,34.520287],[129.289024,34.487237],[129.276044,34.462188],[129.280734,34.450647],[129.293328,34.453327],[129.308895,34.466841],[129.310867,34.460511],[129.297389,34.447546],[129.29169,34.440756],[129.286864,34.443112],[129.277089,34.441527],[129.268569,34.433051],[129.273751,34.412932],[129.272349,34.375697],[129.259727,34.369553],[129.235384,34.368132],[129.228913,34.355601],[129.248291,34.351925],[129.271992,34.356219],[129.286359,34.344008],[129.293398,34.349078],[129.287444,34.365768],[129.297384,34.377105],[129.309322,34.384402],[129.304938,34.372424],[129.304059,34.362123],[129.305104,34.343206],[129.316204,34.342496],[129.334596,34.360591],[129.347003,34.355852],[129.345064,34.327244],[129.320905,34.333849],[129.305464,34.324875],[129.324512,34.304593],[129.343833,34.300314],[129.368242,34.307432],[129.379161,34.324652],[129.386053,34.331258],[129.400756,34.337924],[129.407969,34.35158],[129.399587,34.355048],[129.388145,34.366755],[129.384312,34.383416],[129.388598,34.389659],[129.394422,34.403332],[129.393181,34.4108],[129.375506,34.394416],[129.359464,34.390622],[129.361831,34.405486],[129.384288,34.424018],[129.379473,34.452623],[129.402326,34.481647],[129.446083,34.514776],[129.464241,34.554274],[129.473102,34.579332],[129.475374,34.588451],[129.478201,34.597113],[129.462901,34.609117],[129.452647,34.619452]]}},{"type":"Feature","properties":{},"geometry":{"type":"LineString","coordinates":[[127.782074,34.684556],[127.7942,34.693793],[127.799327,34.70482],[127.796641,34.714179],[127.785899,34.718166],[127.773448,34.716986],[127.762543,34.712836],[127.760753,34.704739],[127.77589,34.691474],[127.768321,34.666083],[127.764985,34.660102],[127.746267,34.648424],[127.741873,34.643622],[127.73585,34.62523],[127.740001,34.613674],[127.775401,34.58397],[127.786632,34.579006],[127.797862,34.579739],[127.807872,34.588202],[127.815115,34.601955],[127.818126,34.616156],[127.817231,34.630764],[127.808767,34.655829],[127.801606,34.670478],[127.792491,34.682359],[127.782074,34.684556]]}},{"type":"Feature","properties":{},"geometry":{"type":"LineString","coordinates":[[125.989024,34.713324],[125.980479,34.726223],[125.976736,34.728258],[125.970551,34.725653],[125.952403,34.705146],[125.922862,34.69538],[125.916026,34.687649],[125.925059,34.670966],[125.929454,34.672309],[125.94516,34.666815],[125.959646,34.659817],[125.959727,34.656684],[125.969981,34.655911],[125.976899,34.656399],[125.983897,34.660631],[125.999034,34.677436],[126.003184,34.68476],[126.005382,34.692613],[126.00408,34.700263],[126.000987,34.704413],[125.989024,34.713324]]}},{"type":"Feature","properties":{},"geometry":{"type":"LineString","coordinates":[[126.007172,34.780951],[126.004405,34.787177],[126.000743,34.790107],[125.995942,34.790758],[125.989268,34.790025],[125.956554,34.779731],[125.93865,34.776516],[125.925059,34.780829],[125.912852,34.776923],[125.901866,34.771064],[125.893891,34.762274],[125.89088,34.749823],[125.892589,34.73664],[125.897797,34.72602],[125.906423,34.719306],[125.918142,34.718166],[125.930024,34.722602],[125.938731,34.731431],[125.944102,34.743232],[125.946137,34.756659],[125.951671,34.759263],[125.964203,34.757066],[125.977875,34.757148],[125.986501,34.766547],[125.991547,34.764106],[126.00294,34.761461],[126.007579,34.759711],[126.007172,34.780951]]}},{"type":"Feature","properties":{},"geometry":{"type":"LineString","coordinates":[[126.056,34.913642],[126.052257,34.907538],[126.043956,34.907416],[126.034434,34.909573],[126.028005,34.909898],[126.014334,34.899644],[125.996349,34.876044],[125.986501,34.868964],[125.986501,34.862738],[125.99879,34.862942],[126.031423,34.868964],[126.039887,34.866441],[126.046397,34.861802],[126.054698,34.859198],[126.069102,34.862738],[126.08074,34.870998],[126.08839,34.882961],[126.091482,34.896918],[126.089122,34.911322],[126.081228,34.922593],[126.070079,34.9289],[126.060313,34.926907],[126.056,34.913642]]}},{"type":"Feature","properties":{},"geometry":{"type":"LineString","coordinates":[[128.069591,34.815009],[128.062755,34.817125],[128.029063,34.821763],[128.00587,34.817694],[127.981293,34.80976],[127.961925,34.806952],[127.94988,34.824652],[127.928477,34.830552],[127.919932,34.835435],[127.914317,34.84455],[127.909679,34.862047],[127.90561,34.868964],[127.928071,34.888251],[127.93686,34.900824],[127.938243,34.913967],[127.930512,34.926459],[127.917247,34.936184],[127.90211,34.940009],[127.888927,34.93476],[127.872895,34.924465],[127.867035,34.918158],[127.862315,34.896064],[127.856293,34.892727],[127.848481,34.891547],[127.840831,34.886949],[127.829356,34.868964],[127.826671,34.851386],[127.830333,34.833564],[127.857921,34.759711],[127.860118,34.747016],[127.860362,34.738267],[127.861827,34.730862],[127.868012,34.721869],[127.877126,34.716946],[127.8921,34.712714],[127.906261,34.71308],[127.912364,34.721869],[127.915701,34.742743],[127.924571,34.759589],[127.937673,34.767035],[127.954112,34.759711],[127.965343,34.719306],[127.975271,34.699937],[127.991547,34.701728],[128.010102,34.708808],[128.02589,34.703111],[128.040538,34.695868],[128.055919,34.698228],[128.060069,34.708401],[128.051606,34.728705],[128.059581,34.732408],[128.065278,34.737535],[128.066091,34.749335],[128.063324,34.769965],[128.066254,34.783026],[128.071788,34.793647],[128.074718,34.803656],[128.069591,34.815009]]}},{"type":"Feature","properties":{},"geometry":{"type":"LineString","coordinates":[[128.748546,34.868964],[128.747569,34.88581],[128.744314,34.887763],[128.73463,34.88227],[128.714366,34.87641],[128.730154,34.910386],[128.734141,34.922309],[128.734386,34.935452],[128.729991,34.945136],[128.723888,34.954535],[128.719249,34.966295],[128.718761,34.972154],[128.725271,35.009263],[128.724946,35.018948],[128.720551,35.027248],[128.702891,35.032945],[128.687511,35.022854],[128.681895,35.004625],[128.693858,34.986274],[128.62379,34.953559],[128.610606,34.954901],[128.611664,34.93891],[128.616384,34.921861],[128.626964,34.906928],[128.645518,34.896918],[128.645518,34.890692],[128.626964,34.89175],[128.613536,34.897162],[128.600434,34.904202],[128.583995,34.909898],[128.573741,34.910061],[128.536306,34.903713],[128.523285,34.899156],[128.508067,34.891018],[128.494884,34.880439],[128.488455,34.868964],[128.491547,34.849921],[128.503184,34.835517],[128.517426,34.822659],[128.528819,34.808092],[128.544688,34.818793],[128.580577,34.831855],[128.590831,34.842271],[128.604503,34.835435],[128.599132,34.817816],[128.598643,34.802232],[128.591563,34.791205],[128.566661,34.787055],[128.560395,34.781806],[128.559825,34.77025],[128.564301,34.758734],[128.573497,34.753485],[128.604503,34.766547],[128.599457,34.751899],[128.598643,34.739976],[128.604015,34.731106],[128.618175,34.725572],[128.583995,34.705146],[128.605805,34.706366],[128.678233,34.72484],[128.693858,34.736151],[128.685557,34.743842],[128.669119,34.749498],[128.657237,34.756985],[128.662852,34.769965],[128.680186,34.786566],[128.683279,34.794135],[128.686371,34.808092],[128.697765,34.801337],[128.716563,34.793199],[128.73406,34.788235],[128.74171,34.790717],[128.739024,34.80622],[128.726085,34.828843],[128.720551,34.842271],[128.734141,34.837551],[128.742931,34.84455],[128.747406,34.857123],[128.748546,34.868964]]}},{"type":"Feature","properties":{},"geometry":{"type":"LineString","coordinates":[[126.110606,35.051174],[126.114268,35.059312],[126.122813,35.06981],[126.134044,35.078803],[126.144786,35.082465],[126.131358,35.100246],[126.126964,35.110541],[126.127778,35.120551],[126.134776,35.128974],[126.165212,35.1435],[126.149913,35.146877],[126.129405,35.14289],[126.111339,35.133287],[126.10377,35.119696],[126.098888,35.113267],[126.087901,35.108873],[126.07602,35.105618],[126.069102,35.102362],[126.063813,35.093085],[126.056,35.061347],[126.060395,35.060736],[126.062999,35.059027],[126.06544,35.05683],[126.069102,35.054592],[126.078624,35.055854],[126.105235,35.050035],[126.110606,35.051174]]}},{"type":"Feature","properties":{},"geometry":{"type":"LineString","coordinates":[[133.012462,36.014797],[133.01295,36.007799],[133.016124,36.000922],[133.021332,35.995754],[133.027843,35.993638],[133.064952,35.995063],[133.079112,35.993638],[133.066661,36.006537],[133.045177,36.020006],[133.024181,36.02558],[133.012462,36.014797]]}},{"type":"Feature","properties":{},"geometry":{"type":"LineString","coordinates":[[133.367035,36.274237],[133.363617,36.279283],[133.359386,36.28856],[133.354015,36.294664],[133.348643,36.297593],[133.335704,36.30093],[133.329438,36.304918],[133.326508,36.309394],[133.323497,36.318345],[133.32016,36.321845],[133.311209,36.324286],[133.300792,36.325873],[133.292817,36.330552],[133.292003,36.342475],[133.209483,36.297187],[133.1963,36.277981],[133.187755,36.216132],[133.192638,36.205959],[133.202647,36.202297],[133.249766,36.16828],[133.256358,36.164984],[133.278331,36.164984],[133.31837,36.158433],[133.32602,36.158149],[133.337413,36.165595],[133.341319,36.175035],[133.337657,36.184394],[133.32602,36.191636],[133.334321,36.198879],[133.343516,36.204332],[133.35255,36.203518],[133.360199,36.191636],[133.373383,36.197699],[133.379242,36.208238],[133.381847,36.257717],[133.367035,36.274237]]}},{"type":"Feature","properties":{},"geometry":{"type":"LineString","coordinates":[[126.563303,37.514443],[126.555111,37.517684],[126.549083,37.518622],[126.543468,37.518866],[126.537771,37.520738],[126.531993,37.523342],[126.526378,37.525092],[126.51483,37.534347],[126.500661,37.530185],[126.493709,37.507781],[126.47338,37.499257],[126.451327,37.499682],[126.418885,37.496861],[126.373568,37.471643],[126.365292,37.475064],[126.359342,37.47363],[126.355511,37.466223],[126.358178,37.461012],[126.369115,37.452736],[126.371327,37.447311],[126.364973,37.442291],[126.375731,37.440137],[126.3832,37.437455],[126.389386,37.441316],[126.393412,37.445545],[126.399492,37.444921],[126.401992,37.440053],[126.400289,37.43653],[126.401427,37.43447],[126.404727,37.435368],[126.408367,37.438537],[126.416278,37.434555],[126.420461,37.422356],[126.424434,37.421569],[126.433595,37.422406],[126.443413,37.420625],[126.487012,37.446796],[126.493984,37.456585],[126.506572,37.465568],[126.529933,37.473683],[126.540559,37.477657],[126.548291,37.476637],[126.565766,37.479967],[126.569184,37.483588],[126.577626,37.488585],[126.583066,37.490384],[126.580579,37.495627],[126.57644,37.50237],[126.57114,37.506348],[126.56723,37.511231],[126.563303,37.514443]]}},{"type":"Feature","properties":{},"geometry":{"type":"LineString","coordinates":[[130.903575,37.545844],[130.891612,37.543891],[130.867849,37.536933],[130.832286,37.532131],[130.814301,37.52261],[130.805837,37.507392],[130.811046,37.487006],[130.827485,37.471259],[130.852224,37.459459],[130.877696,37.455512],[130.896739,37.463121],[130.908376,37.48192],[130.919444,37.510199],[130.920665,37.53559],[130.903575,37.545844]]}},{"type":"Feature","properties":{},"geometry":{"type":"LineString","coordinates":[[126.3567,37.695136],[126.343028,37.704291],[126.336681,37.709906],[126.331879,37.716498],[126.33074,37.719957],[126.327647,37.738267],[126.326182,37.742499],[126.323741,37.745551],[126.319998,37.747219],[126.31422,37.74608],[126.308604,37.742336],[126.303722,37.737209],[126.300629,37.732367],[126.294932,37.713568],[126.290782,37.705634],[126.281993,37.699286],[126.349864,37.657375],[126.370128,37.658352],[126.380707,37.669176],[126.378754,37.678697],[126.369151,37.687323],[126.3567,37.695136]]}},{"type":"Feature","properties":{},"geometry":{"type":"LineString","coordinates":[[126.507823,37.596869],[126.517833,37.603827],[126.529063,37.624905],[126.542003,37.631049],[126.538829,37.635443],[126.533214,37.646145],[126.52768,37.651516],[126.530935,37.659898],[126.52768,37.695868],[126.525564,37.703274],[126.516287,37.716783],[126.514008,37.723538],[126.515147,37.72956],[126.520356,37.743109],[126.521495,37.751166],[126.516368,37.767239],[126.503591,37.777411],[126.471446,37.790229],[126.456309,37.801215],[126.441254,37.815334],[126.425304,37.824449],[126.407074,37.820705],[126.383474,37.799018],[126.37379,37.796129],[126.36964,37.785346],[126.370616,37.737982],[126.366954,37.72724],[126.369151,37.719062],[126.404796,37.665188],[126.409923,37.659735],[126.415538,37.656684],[126.416677,37.651842],[126.408214,37.641303],[126.40089,37.637437],[126.370128,37.631049],[126.390636,37.60928],[126.410167,37.602037],[126.462738,37.604315],[126.466563,37.606187],[126.470714,37.609565],[126.476085,37.61107],[126.483653,37.607408],[126.494151,37.598375],[126.500173,37.596177],[126.507823,37.596869]]}},{"type":"Feature","properties":{},"geometry":{"type":"LineString","coordinates":[[124.732677,37.980455],[124.704926,37.988674],[124.649425,37.973293],[124.624034,37.980455],[124.613617,37.945054],[124.644054,37.924506],[124.684906,37.919989],[124.705333,37.932685],[124.69988,37.93651],[124.688162,37.938178],[124.678396,37.942043],[124.677989,37.952541],[124.683279,37.954535],[124.708751,37.956285],[124.728201,37.947008],[124.742035,37.955024],[124.743663,37.969672],[124.732677,37.980455]]}},{"type":"Feature","properties":{},"geometry":{"type":"LineString","coordinates":[[124.883474,38.528551],[124.877208,38.536322],[124.865733,38.54149],[124.849376,38.545885],[124.844249,38.555162],[124.832205,38.553046],[124.794444,38.533922],[124.790294,38.517401],[124.79949,38.50849],[124.822032,38.522366],[124.840831,38.510688],[124.861095,38.503852],[124.903982,38.494371],[124.900401,38.505316],[124.883474,38.528551]]}},{"type":"Feature","properties":{},"geometry":{"type":"LineString","coordinates":[[127.309093,34.020087],[127.296397,34.037584],[127.294688,34.047919],[127.298106,34.057196],[127.295665,34.061469],[127.2942,34.061103],[127.291515,34.058498],[127.286876,34.057278],[127.283214,34.058295],[127.28004,34.05744],[127.279307,34.05329],[127.279796,34.048651],[127.278331,34.044623],[127.280772,34.037787],[127.283865,34.034613],[127.287608,34.032416],[127.289806,34.024075],[127.293224,34.017239],[127.295665,34.014106],[127.309337,34.011461],[127.323497,34.005764],[127.324718,34.010688],[127.322113,34.014106],[127.314952,34.015774],[127.309093,34.020087]]}},{"type":"Feature","properties":{},"geometry":{"type":"LineString","coordinates":[[127.531912,34.450588],[127.509939,34.470038],[127.500743,34.469631],[127.49171,34.462226],[127.487071,34.461249],[127.486827,34.463853],[127.47283,34.466783],[127.465343,34.470364],[127.458263,34.472886],[127.45338,34.470608],[127.455089,34.466132],[127.45574,34.460517],[127.452159,34.45303],[127.458832,34.44892],[127.469737,34.443183],[127.467052,34.439195],[127.47169,34.434027],[127.481781,34.431342],[127.488536,34.425482],[127.488943,34.416938],[127.49464,34.414252],[127.51059,34.41828],[127.528819,34.428046],[127.536388,34.43476],[127.536388,34.44066],[127.531912,34.450588]]}},{"type":"Feature","properties":{},"geometry":{"type":"LineString","coordinates":[[127.78297,34.506985],[127.774913,34.508205],[127.774425,34.511786],[127.776215,34.518785],[127.761078,34.543118],[127.748057,34.551093],[127.729747,34.549058],[127.712901,34.542426],[127.70753,34.533881],[127.71461,34.526842],[127.72283,34.523179],[127.727712,34.516995],[127.732188,34.50849],[127.741954,34.502265],[127.756521,34.498236],[127.765798,34.493964],[127.769054,34.489936],[127.771169,34.488186],[127.779307,34.488471],[127.791759,34.492011],[127.793956,34.498236],[127.789561,34.503974],[127.78297,34.506985]]}},{"type":"Feature","properties":{},"geometry":{"type":"LineString","coordinates":[[126.100108,34.596747],[126.099376,34.605455],[126.087087,34.611151],[126.079845,34.617377],[126.067638,34.625474],[126.060069,34.620795],[126.066417,34.60399],[126.076427,34.590766],[126.081309,34.580756],[126.076345,34.57099],[126.064952,34.563788],[126.050466,34.563422],[126.036632,34.561672],[126.031261,34.556383],[126.053477,34.552314],[126.054454,34.548896],[126.048513,34.545152],[126.043468,34.540961],[126.037364,34.540717],[126.031586,34.539049],[126.035167,34.533922],[126.046723,34.531155],[126.057628,34.532538],[126.077322,34.542182],[126.085704,34.548733],[126.093761,34.553656],[126.099376,34.558661],[126.100271,34.568305],[126.103363,34.579413],[126.104259,34.589789],[126.102387,34.594875],[126.100108,34.596747]]}},{"type":"Feature","properties":{},"geometry":{"type":"LineString","coordinates":[[126.038097,34.569485],[126.048595,34.570054],[126.057628,34.572577],[126.060395,34.584296],[126.052013,34.598334],[126.041352,34.611151],[126.028575,34.634223],[126.020193,34.625434],[126.016612,34.606147],[126.020518,34.571438],[126.028575,34.565863],[126.038097,34.569485]]}},{"type":"Feature","properties":{},"geometry":{"type":"LineString","coordinates":[[125.445811,34.688463],[125.437266,34.6883],[125.43393,34.695543],[125.429454,34.698432],[125.421235,34.697089],[125.412852,34.691962],[125.40561,34.682563],[125.398936,34.67182],[125.393403,34.659654],[125.392345,34.646308],[125.398774,34.631985],[125.408539,34.628607],[125.412608,34.63231],[125.417735,34.638129],[125.424327,34.647203],[125.427419,34.654242],[125.443207,34.66942],[125.445811,34.675116],[125.45045,34.679674],[125.459239,34.686835],[125.457286,34.690904],[125.445811,34.688463]]}},{"type":"Feature","properties":{},"geometry":{"type":"LineString","coordinates":[[126.174083,34.732815],[126.173106,34.739447],[126.173839,34.744452],[126.170258,34.749945],[126.163585,34.75495],[126.153819,34.756903],[126.141938,34.757554],[126.133149,34.761217],[126.127208,34.766547],[126.117849,34.769965],[126.105235,34.771552],[126.094574,34.770657],[126.087169,34.767524],[126.079275,34.767564],[126.069591,34.76968],[126.073741,34.761379],[126.093435,34.744289],[126.10255,34.730536],[126.104259,34.721991],[126.111339,34.717719],[126.118826,34.718248],[126.122325,34.719631],[126.127696,34.723578],[126.138438,34.723456],[126.147716,34.712348],[126.159434,34.702786],[126.17213,34.703803],[126.177908,34.713365],[126.177501,34.724066],[126.174083,34.732815]]}},{"type":"Feature","properties":{},"geometry":{"type":"LineString","coordinates":[[126.168712,34.792304],[126.16627,34.796454],[126.159028,34.804592],[126.149425,34.808092],[126.141856,34.802965],[126.127289,34.797756],[126.102387,34.794379],[126.09254,34.787584],[126.104828,34.781643],[126.121593,34.776516],[126.134613,34.76732],[126.146251,34.761868],[126.158214,34.764472],[126.164236,34.769761],[126.16212,34.783271],[126.165538,34.7897],[126.168712,34.792304]]}},{"type":"Feature","properties":{},"geometry":{"type":"LineString","coordinates":[[126.079438,34.822659],[126.094412,34.808661],[126.094005,34.804674],[126.096202,34.798774],[126.105235,34.798163],[126.115896,34.803127],[126.119151,34.812649],[126.118907,34.823798],[126.125173,34.829657],[126.13502,34.829291],[126.1421,34.832913],[126.144542,34.842353],[126.139659,34.857896],[126.153087,34.864976],[126.152029,34.871161],[126.147227,34.876858],[126.142263,34.879136],[126.135916,34.878607],[126.122813,34.878811],[126.113292,34.871161],[126.115245,34.859442],[126.112559,34.85342],[126.103282,34.853176],[126.093761,34.857611],[126.081798,34.856594],[126.067149,34.850531],[126.064138,34.842597],[126.071056,34.83218],[126.079438,34.822659]]}},{"type":"Feature","properties":{},"geometry":{"type":"LineString","coordinates":[[128.072765,34.84512],[128.066905,34.851752],[128.061209,34.868354],[128.05893,34.880357],[128.053966,34.882636],[128.048839,34.886623],[128.045909,34.893622],[128.036306,34.892279],[128.024587,34.877021],[128.018728,34.866156],[128.013438,34.869127],[128.012462,34.878323],[128.015961,34.88935],[128.02296,34.905504],[128.017833,34.916571],[128.001964,34.913031],[127.992849,34.903388],[127.984141,34.889716],[127.97047,34.87519],[127.963634,34.859768],[127.972423,34.845526],[127.987315,34.83808],[128.001801,34.836656],[128.026541,34.843207],[128.071788,34.833401],[128.082367,34.835598],[128.076834,34.842475],[128.072765,34.84512]]}},{"type":"Feature","properties":{},"geometry":{"type":"LineString","coordinates":[[126.24643,34.916246],[126.250173,34.91885],[126.253429,34.929185],[126.253184,34.933498],[126.247325,34.935452],[126.230235,34.935452],[126.222423,34.931952],[126.220388,34.922431],[126.225352,34.913398],[126.237559,34.913072],[126.24643,34.916246]]}},{"type":"Feature","properties":{},"geometry":{"type":"LineString","coordinates":[[126.178396,35.048489],[126.174164,35.053168],[126.165294,35.055243],[126.152517,35.054389],[126.143809,35.057685],[126.13738,35.056871],[126.129649,35.05268],[126.127778,35.048163],[126.132091,35.047105],[126.136567,35.047756],[126.139415,35.046454],[126.132172,35.041938],[126.133556,35.03974],[126.13852,35.039862],[126.142345,35.038275],[126.143809,35.033922],[126.148611,35.033515],[126.153982,35.035712],[126.158051,35.033433],[126.167003,35.025295],[126.172374,35.023627],[126.177419,35.025946],[126.181651,35.02912],[126.181895,35.038886],[126.180919,35.044013],[126.178396,35.048489]]}},{"type":"Feature","properties":{},"geometry":{"type":"LineString","coordinates":[[128.842784,35.021877],[128.843272,35.047187],[128.836436,35.059801],[128.826427,35.062242],[128.814952,35.061265],[128.804373,35.056342],[128.801606,35.04914],[128.806895,35.041246],[128.810313,35.032945],[128.809093,35.025865],[128.811778,35.020738],[128.819347,35.014228],[128.824229,34.996731],[128.826671,34.992377],[128.831798,34.993801],[128.83839,35.001207],[128.842784,35.021877]]}},{"type":"Feature","properties":{},"geometry":{"type":"LineString","coordinates":[[126.258067,35.570624],[126.263845,35.571682],[126.2671,35.574123],[126.274913,35.579047],[126.287283,35.590277],[126.305675,35.603217],[126.309418,35.610663],[126.307302,35.616645],[126.302989,35.61933],[126.299327,35.616034],[126.291759,35.611029],[126.280447,35.612698],[126.276134,35.61286],[126.277843,35.607367],[126.274262,35.606024],[126.26824,35.605211],[126.264496,35.600898],[126.258962,35.598375],[126.256521,35.596015],[126.261485,35.593411],[126.26295,35.591783],[126.252452,35.587307],[126.250499,35.580959],[126.253673,35.574368],[126.258067,35.570624]]}},{"type":"Feature","properties":{},"geometry":{"type":"LineString","coordinates":[[126.099864,37.228013],[126.10255,37.228664],[126.105154,37.223578],[126.111664,37.214545],[126.121593,37.210924],[126.133311,37.212348],[126.142345,37.215399],[126.15504,37.225735],[126.15919,37.23192],[126.151622,37.238593],[126.126964,37.248928],[126.119802,37.253607],[126.112804,37.263088],[126.104747,37.267524],[126.097423,37.259426],[126.091807,37.245917],[126.088715,37.22956],[126.088634,37.225979],[126.092784,37.22484],[126.099864,37.228013]]}},{"type":"Feature","properties":{},"geometry":{"type":"LineString","coordinates":[[126.48406,37.278998],[126.461192,37.280585],[126.443533,37.273098],[126.435313,37.263983],[126.433442,37.251044],[126.43572,37.23843],[126.442231,37.235175],[126.45045,37.235826],[126.458181,37.231269],[126.469493,37.233466],[126.478201,37.241604],[126.479015,37.247748],[126.483165,37.25434],[126.493907,37.25727],[126.498302,37.26142],[126.494395,37.273505],[126.48406,37.278998]]}},{"type":"Feature","properties":{},"geometry":{"type":"LineString","coordinates":[[126.613943,37.255194],[126.608653,37.259426],[126.58961,37.265774],[126.577891,37.271145],[126.573741,37.278998],[126.576671,37.287665],[126.573497,37.288479],[126.559418,37.278632],[126.542979,37.28498],[126.540782,37.282945],[126.548025,37.276313],[126.555431,37.266059],[126.560802,37.251288],[126.560395,37.239325],[126.547374,37.227484],[126.551931,37.221666],[126.550466,37.214911],[126.539561,37.203111],[126.539317,37.198065],[126.562511,37.200385],[126.613536,37.232815],[126.618826,37.242011],[126.616384,37.250556],[126.613943,37.255194]]}},{"type":"Feature","properties":{},"geometry":{"type":"LineString","coordinates":[[125.688243,37.679267],[125.680431,37.67829],[125.67921,37.669664],[125.684581,37.657294],[125.687836,37.65176],[125.693614,37.653957],[125.703136,37.661444],[125.706228,37.672309],[125.699229,37.678127],[125.688243,37.679267]]}},{"type":"Feature","properties":{},"geometry":{"type":"LineString","coordinates":[[125.328787,37.766669],[125.299327,37.756171],[125.292735,37.755439],[125.288748,37.753648],[125.287446,37.750678],[125.284841,37.749498],[125.27947,37.749416],[125.27711,37.740465],[125.274587,37.733832],[125.264334,37.737209],[125.250173,37.731676],[125.220551,37.703762],[125.226329,37.696357],[125.246837,37.699856],[125.260997,37.707424],[125.269379,37.714097],[125.295746,37.727607],[125.312755,37.7414],[125.337738,37.768704],[125.328787,37.766669]]}},{"type":"Feature","properties":{},"geometry":{"type":"LineString","coordinates":[[125.147716,37.78559],[125.156261,37.786689],[125.171723,37.797187],[125.185069,37.808173],[125.190278,37.809027],[125.192882,37.811103],[125.191417,37.815497],[125.188487,37.819078],[125.183849,37.818834],[125.166189,37.813707],[125.146495,37.802232],[125.141368,37.799506],[125.142833,37.794135],[125.147716,37.78559]]}},{"type":"Feature","properties":{},"geometry":{"type":"LineString","coordinates":[[125.030447,37.836168],[125.027843,37.830024],[125.030121,37.8251],[125.02947,37.822984],[125.028494,37.818834],[125.025401,37.817857],[125.019054,37.820299],[125.011974,37.821845],[125.006847,37.819281],[125.002615,37.815416],[124.997813,37.813056],[124.997732,37.808417],[125.005056,37.805569],[125.01588,37.80565],[125.025645,37.808295],[125.036388,37.81745],[125.039561,37.817613],[125.041759,37.817288],[125.044607,37.824612],[125.040782,37.834459],[125.030447,37.836168]]}},{"type":"Feature","properties":{},"geometry":{"type":"LineString","coordinates":[[124.716482,37.84691],[124.709158,37.847561],[124.704112,37.844387],[124.69337,37.835517],[124.676524,37.824897],[124.673513,37.817043],[124.681488,37.808824],[124.684744,37.803941],[124.684581,37.802639],[124.684581,37.799994],[124.687266,37.800767],[124.692393,37.804999],[124.698985,37.806871],[124.706798,37.806342],[124.714203,37.809556],[124.718272,37.818183],[124.721365,37.828437],[124.725841,37.837388],[124.724457,37.843655],[124.716482,37.84691]]}},{"type":"Feature","properties":{},"geometry":{"type":"LineString","coordinates":[[123.180675,39.091946],[123.17628,39.089993],[123.168142,39.08393],[123.143565,39.080878],[123.143321,39.075832],[123.15089,39.073432],[123.15919,39.071682],[123.164724,39.066392],[123.164887,39.060492],[123.153087,39.062323],[123.148123,39.056342],[123.145193,39.04328],[123.149913,39.036566],[123.160655,39.029242],[123.172537,39.033677],[123.185232,39.042304],[123.195567,39.052069],[123.195811,39.065334],[123.184825,39.086127],[123.180675,39.091946]]}},{"type":"Feature","properties":{},"geometry":{"type":"LineString","coordinates":[[124.687673,39.527167],[124.681974,39.52118],[124.683769,39.516094],[124.680149,39.507726],[124.684587,39.503243],[124.697765,39.50259],[124.704845,39.508734],[124.707746,39.519317],[124.707779,39.530399],[124.704708,39.537076],[124.69362,39.535079],[124.687673,39.527167]]}},{"type":"Feature","properties":{},"geometry":{"type":"LineString","coordinates":[[124.687022,39.544745],[124.695649,39.553778],[124.69809,39.562893],[124.691254,39.569648],[124.673839,39.570624],[124.648774,39.565253],[124.63502,39.563951],[124.63087,39.56509],[124.614268,39.553412],[124.604666,39.549262],[124.597423,39.544582],[124.595876,39.537909],[124.600352,39.5362],[124.603526,39.53852],[124.644786,39.547675],[124.661632,39.538398],[124.675548,39.53852],[124.687022,39.544745]]}},{"type":"Feature","properties":{},"geometry":{"type":"LineString","coordinates":[[129.93336,31.867825],[129.928559,31.869696],[129.913422,31.867743],[129.908458,31.861802],[129.912771,31.851874],[129.909923,31.845689],[129.902029,31.848131],[129.864513,31.875556],[129.844981,31.880601],[129.831798,31.873521],[129.82309,31.863023],[129.820323,31.851874],[129.820567,31.845526],[129.824229,31.842271],[129.831798,31.843736],[129.839529,31.853664],[129.850434,31.857408],[129.853526,31.85517],[129.846528,31.850898],[129.847423,31.843411],[129.85377,31.83515],[129.857432,31.828559],[129.85906,31.823676],[129.863292,31.820868],[129.868663,31.818427],[129.875987,31.811265],[129.889903,31.810736],[129.903331,31.818061],[129.912771,31.819485],[129.922211,31.81981],[129.92921,31.826728],[129.931488,31.833482],[129.931163,31.836371],[129.928477,31.840399],[129.928071,31.846503],[129.929698,31.85342],[129.927745,31.859524],[129.928477,31.863918],[129.93336,31.867825]]}},{"type":"Feature","properties":{},"geometry":{"type":"LineString","coordinates":[[130.243907,32.301825],[130.23227,32.298651],[130.231212,32.295111],[130.228526,32.293036],[130.222911,32.29206],[130.217052,32.286933],[130.212901,32.276679],[130.210948,32.265774],[130.210704,32.255357],[130.215099,32.252672],[130.223155,32.257066],[130.232677,32.258775],[130.242849,32.263088],[130.253591,32.271633],[130.263031,32.281317],[130.266449,32.287055],[130.260265,32.295071],[130.243907,32.301825]]}},{"type":"Feature","properties":{},"geometry":{"type":"LineString","coordinates":[[130.446788,32.596829],[130.450043,32.603258],[130.452891,32.610989],[130.446462,32.616604],[130.436534,32.620673],[130.428477,32.617662],[130.420095,32.611558],[130.41684,32.610053],[130.416515,32.613959],[130.413585,32.613593],[130.398774,32.593166],[130.399669,32.586412],[130.407725,32.581732],[130.411388,32.573879],[130.406749,32.560981],[130.40919,32.549262],[130.421397,32.540758],[130.427582,32.537299],[130.424571,32.54682],[130.431895,32.549872],[130.445811,32.552558],[130.450938,32.563422],[130.453868,32.580064],[130.452647,32.590644],[130.446788,32.596829]]}},{"type":"Feature","properties":{},"geometry":{"type":"LineString","coordinates":[[132.562022,32.742133],[132.557953,32.745307],[132.554942,32.747504],[132.548595,32.7508],[132.543793,32.745592],[132.539887,32.733791],[132.540538,32.721503],[132.543224,32.708441],[132.549653,32.704291],[132.563243,32.709947],[132.570811,32.717271],[132.571544,32.725491],[132.568614,32.734361],[132.562022,32.742133]]}},{"type":"Feature","properties":{},"geometry":{"type":"LineString","coordinates":[[128.89975,32.818305],[128.892263,32.823717],[128.868175,32.837836],[128.862966,32.835273],[128.866222,32.825385],[128.870779,32.816067],[128.873383,32.807847],[128.874197,32.804348],[128.875011,32.801744],[128.873871,32.798733],[128.869884,32.801093],[128.866222,32.807359],[128.863455,32.818834],[128.856944,32.830024],[128.846202,32.834866],[128.83725,32.833808],[128.834646,32.827053],[128.835948,32.818996],[128.835216,32.787665],[128.840099,32.777574],[128.847911,32.774888],[128.866466,32.76496],[128.875336,32.763495],[128.882335,32.765286],[128.894867,32.781724],[128.907237,32.794013],[128.908539,32.801337],[128.902843,32.814154],[128.89975,32.818305]]}},{"type":"Feature","properties":{},"geometry":{"type":"LineString","coordinates":[[128.953136,32.874213],[128.951182,32.876451],[128.946544,32.880194],[128.94337,32.876288],[128.942149,32.86518],[128.937673,32.860785],[128.928966,32.864691],[128.926768,32.862209],[128.929454,32.849799],[128.924327,32.851508],[128.908946,32.866441],[128.89088,32.870917],[128.880707,32.862616],[128.883149,32.855943],[128.889659,32.85814],[128.895763,32.856431],[128.909923,32.842434],[128.915701,32.838853],[128.920177,32.835028],[128.924001,32.829657],[128.924083,32.824612],[128.920584,32.820746],[128.923025,32.818061],[128.931977,32.817125],[128.938487,32.812934],[128.94044,32.804429],[128.945079,32.804348],[128.949392,32.813381],[128.947765,32.81981],[128.944591,32.823391],[128.946951,32.82803],[128.954438,32.830715],[128.958018,32.841498],[128.955414,32.863105],[128.953136,32.874213]]}},{"type":"Feature","properties":{},"geometry":{"type":"LineString","coordinates":[[129.027843,32.899807],[129.024587,32.908637],[129.020681,32.916693],[129.009613,32.924506],[128.992442,32.929429],[128.98463,32.929185],[128.984711,32.926093],[128.982677,32.923245],[128.97934,32.920233],[128.979666,32.91649],[128.98227,32.912421],[128.983735,32.906643],[128.98878,32.900214],[128.994477,32.895331],[128.995616,32.89053],[128.99171,32.889838],[128.972992,32.898505],[128.96461,32.898261],[128.964122,32.889553],[128.968028,32.873684],[128.969493,32.871487],[128.973806,32.869045],[128.97755,32.864],[128.982677,32.86225],[128.996837,32.866645],[129.006602,32.864691],[129.013682,32.858791],[129.017426,32.856676],[129.017914,32.848049],[129.024099,32.848049],[129.028168,32.855658],[129.029959,32.888617],[129.02947,32.89175],[129.027843,32.899807]]}},{"type":"Feature","properties":{},"geometry":{"type":"LineString","coordinates":[[129.135509,33.299872],[129.128266,33.301581],[129.113129,33.291409],[129.10377,33.288967],[129.089122,33.283271],[129.076182,33.268785],[129.075043,33.259914],[129.079763,33.261298],[129.085785,33.260077],[129.092133,33.255439],[129.103201,33.249172],[129.119151,33.246527],[129.127289,33.247504],[129.134288,33.258612],[129.149587,33.269029],[129.150157,33.276516],[129.143321,33.284817],[129.135509,33.299872]]}},{"type":"Feature","properties":{},"geometry":{"type":"LineString","coordinates":[[129.555919,33.493964],[129.554861,33.499823],[129.551768,33.506903],[129.541759,33.50731],[129.524669,33.497545],[129.506684,33.4831],[129.503184,33.4737],[129.511974,33.472968],[129.516449,33.473538],[129.519054,33.478176],[129.526866,33.480455],[129.539399,33.475165],[129.554454,33.473456],[129.568044,33.478502],[129.576427,33.488349],[129.573416,33.49608],[129.555919,33.493964]]}},{"type":"Feature","properties":{},"geometry":{"type":"LineString","coordinates":[[132.641368,34.014065],[132.636404,34.008287],[132.624522,33.999091],[132.617931,33.995673],[132.61378,33.994045],[132.606456,33.989203],[132.596365,33.980943],[132.586925,33.969672],[132.589122,33.956448],[132.600434,33.949897],[132.620291,33.953803],[132.634451,33.96483],[132.63502,33.97484],[132.636974,33.979234],[132.640961,33.983954],[132.642751,33.989936],[132.644298,34.000881],[132.643891,34.01142],[132.641368,34.014065]]}},{"type":"Feature","properties":{},"geometry":{"type":"LineString","coordinates":[[125.127696,34.04857],[125.129893,34.047553],[125.134288,34.046861],[125.13738,34.051337],[125.136404,34.059272],[125.122081,34.083808],[125.113292,34.092841],[125.102224,34.095933],[125.094574,34.090074],[125.089692,34.079535],[125.092133,34.071763],[125.103282,34.066067],[125.122813,34.051174],[125.127696,34.04857]]}},{"type":"Feature","properties":{},"geometry":{"type":"LineString","coordinates":[[126.598969,34.168647],[126.593272,34.169989],[126.582042,34.170152],[126.573741,34.168036],[126.567882,34.168647],[126.548106,34.179104],[126.532888,34.179104],[126.515147,34.16885],[126.506358,34.153998],[126.507091,34.138861],[126.517751,34.127143],[126.536876,34.126451],[126.551931,34.133979],[126.56186,34.141425],[126.573009,34.147691],[126.576427,34.153062],[126.581798,34.157416],[126.591156,34.15762],[126.600271,34.153469],[126.604015,34.152248],[126.605805,34.156155],[126.609386,34.155666],[126.613536,34.152533],[126.615977,34.156968],[126.607677,34.165595],[126.598969,34.168647]]}},{"type":"Feature","properties":{},"geometry":{"type":"LineString","coordinates":[[133.093516,34.174302],[133.083018,34.175035],[133.076671,34.18065],[133.071544,34.188056],[133.055431,34.193549],[133.033051,34.189399],[133.026215,34.176174],[133.033946,34.161363],[133.036794,34.153266],[133.031749,34.15412],[133.025645,34.154446],[133.02003,34.149644],[133.016856,34.136298],[133.0171,34.118842],[133.027843,34.111558],[133.045177,34.118394],[133.094412,34.160386],[133.101736,34.170966],[133.099132,34.175198],[133.093516,34.174302]]}},{"type":"Feature","properties":{},"geometry":{"type":"LineString","coordinates":[[126.672048,34.153266],[126.661876,34.165717],[126.663585,34.173326],[126.673106,34.180121],[126.670746,34.189887],[126.653819,34.197089],[126.645274,34.19717],[126.644786,34.193752],[126.636485,34.187161],[126.638438,34.182563],[126.64503,34.177476],[126.642833,34.164618],[126.636485,34.141547],[126.638682,34.128119],[126.643809,34.127183],[126.648611,34.12401],[126.650401,34.119371],[126.655528,34.116848],[126.665375,34.119086],[126.670421,34.126939],[126.670421,34.13703],[126.671886,34.142971],[126.67628,34.143541],[126.679454,34.146552],[126.676036,34.151435],[126.672048,34.153266]]}},{"type":"Feature","properties":{},"geometry":{"type":"LineString","coordinates":[[132.738536,34.196967],[132.728852,34.198798],[132.708995,34.203315],[132.69516,34.200141],[132.688975,34.189887],[132.697927,34.181342],[132.723643,34.170803],[132.731619,34.171332],[132.737315,34.168402],[132.737559,34.161607],[132.740001,34.159898],[132.747406,34.162543],[132.756114,34.167467],[132.761404,34.177151],[132.755056,34.189114],[132.738536,34.196967]]}},{"type":"Feature","properties":{},"geometry":{"type":"LineString","coordinates":[[126.909353,34.197699],[126.899262,34.209662],[126.882172,34.213284],[126.867931,34.207465],[126.86085,34.20185],[126.856944,34.194281],[126.855317,34.18476],[126.849132,34.174384],[126.853201,34.159003],[126.856944,34.157172],[126.860362,34.162177],[126.866954,34.162828],[126.875987,34.156073],[126.886974,34.151353],[126.901866,34.152411],[126.913585,34.15766],[126.919932,34.166978],[126.922374,34.172349],[126.924978,34.184882],[126.918956,34.190497],[126.909353,34.197699]]}},{"type":"Feature","properties":{},"geometry":{"type":"LineString","coordinates":[[126.612153,34.218166],[126.606944,34.221381],[126.596202,34.22602],[126.575369,34.228949],[126.567638,34.232408],[126.559744,34.234524],[126.556407,34.232123],[126.561534,34.225165],[126.562185,34.222317],[126.559825,34.22016],[126.556163,34.218655],[126.555349,34.216457],[126.557302,34.214057],[126.556895,34.211005],[126.553966,34.206529],[126.548839,34.194566],[126.549815,34.19123],[126.554535,34.190416],[126.558767,34.189154],[126.56072,34.185126],[126.568614,34.179023],[126.583832,34.175605],[126.588878,34.179104],[126.583995,34.186265],[126.592052,34.187649],[126.606619,34.1883],[126.610118,34.199693],[126.617035,34.204535],[126.616222,34.213284],[126.612153,34.218166]]}},{"type":"Feature","properties":{},"geometry":{"type":"LineString","coordinates":[[132.921153,34.27733],[132.908214,34.262885],[132.897146,34.256741],[132.885997,34.257025],[132.857188,34.245836],[132.854015,34.245022],[132.846446,34.24022],[132.843028,34.22842],[132.849946,34.215155],[132.863129,34.208482],[132.883067,34.208645],[132.905772,34.21308],[132.916759,34.221869],[132.919119,34.232896],[132.928477,34.251939],[132.932302,34.274848],[132.928477,34.284003],[132.921153,34.27733]]}},{"type":"Feature","properties":{},"geometry":{"type":"LineString","coordinates":[[132.33839,34.304429],[132.328624,34.30622],[132.314464,34.300442],[132.298839,34.292222],[132.286632,34.27912],[132.267263,34.253607],[132.267914,34.244452],[132.279307,34.238349],[132.295909,34.243232],[132.325531,34.264716],[132.344981,34.281968],[132.34547,34.286566],[132.344249,34.29564],[132.33839,34.304429]]}},{"type":"Feature","properties":{},"geometry":{"type":"LineString","coordinates":[[126.088715,34.307929],[126.082042,34.310736],[126.067638,34.308905],[126.033214,34.314887],[126.025727,34.310777],[126.025238,34.305854],[126.021007,34.301093],[126.021658,34.29564],[126.028656,34.28734],[126.049327,34.280219],[126.055675,34.280992],[126.057384,34.285956],[126.060802,34.286078],[126.064952,34.280707],[126.069347,34.278998],[126.074962,34.282864],[126.084646,34.283881],[126.089366,34.289618],[126.087738,34.29682],[126.088715,34.307929]]}},{"type":"Feature","properties":{},"geometry":{"type":"LineString","coordinates":[[126.853852,34.308539],[126.858897,34.312201],[126.868175,34.313625],[126.876801,34.312242],[126.883067,34.317939],[126.884044,34.324897],[126.88559,34.328315],[126.891368,34.33393],[126.893321,34.341254],[126.884532,34.345526],[126.870372,34.348375],[126.859223,34.349351],[126.854991,34.3487],[126.850759,34.348456],[126.843516,34.350043],[126.837657,34.353746],[126.827485,34.35163],[126.813975,34.342515],[126.802908,34.33869],[126.793793,34.342231],[126.785899,34.343248],[126.782237,34.341783],[126.777843,34.339667],[126.767833,34.337226],[126.757579,34.336127],[126.758962,34.33275],[126.781098,34.324652],[126.784923,34.322577],[126.788748,34.32095],[126.79835,34.320868],[126.810313,34.324368],[126.820567,34.325629],[126.828298,34.322903],[126.833669,34.31684],[126.835704,34.309149],[126.840587,34.303371],[126.84962,34.304918],[126.853852,34.308539]]}},{"type":"Feature","properties":{},"geometry":{"type":"LineString","coordinates":[[127.091563,34.344916],[127.08546,34.351386],[127.082042,34.355943],[127.077403,34.35932],[127.067393,34.358385],[127.053722,34.354804],[127.045909,34.357652],[127.042166,34.366685],[127.035655,34.374742],[127.028575,34.380439],[127.025401,34.381334],[127.026215,34.37873],[127.016287,34.371894],[127.007009,34.362616],[127.001231,34.359361],[126.993826,34.35814],[126.991466,34.356269],[126.994314,34.354682],[127.000824,34.352851],[127.017589,34.351549],[127.024262,34.348212],[127.026622,34.343166],[127.023692,34.339179],[127.045584,34.335435],[127.049164,34.331448],[127.042817,34.327948],[127.037852,34.321723],[127.038829,34.312893],[127.049083,34.316718],[127.066742,34.328192],[127.073985,34.334174],[127.067882,34.337063],[127.065278,34.339789],[127.072439,34.342108],[127.082367,34.340277],[127.090831,34.336737],[127.096934,34.337795],[127.094981,34.342475],[127.091563,34.344916]]}},{"type":"Feature","properties":{},"geometry":{"type":"LineString","coordinates":[[126.763927,34.309231],[126.745616,34.324205],[126.742524,34.33275],[126.737071,34.338853],[126.733897,34.346177],[126.73113,34.362006],[126.721853,34.381293],[126.709972,34.39289],[126.699229,34.398912],[126.687755,34.402045],[126.670177,34.40058],[126.664399,34.399482],[126.653656,34.395209],[126.645763,34.385565],[126.641775,34.372952],[126.640961,34.360338],[126.641938,34.347968],[126.644867,34.337104],[126.651866,34.329779],[126.663585,34.323432],[126.676606,34.320461],[126.687022,34.322699],[126.695649,34.320787],[126.69809,34.313422],[126.688813,34.307563],[126.688975,34.301093],[126.707774,34.29564],[126.722911,34.292711],[126.7317,34.289374],[126.736501,34.291693],[126.737478,34.297553],[126.74171,34.298245],[126.74936,34.294135],[126.758311,34.29092],[126.763194,34.289781],[126.768077,34.289211],[126.771495,34.291897],[126.76588,34.303046],[126.763927,34.309231]]}},{"type":"Feature","properties":{},"geometry":{"type":"LineString","coordinates":[[126.762462,34.382961],[126.767263,34.380032],[126.769379,34.371324],[126.769216,34.360989],[126.775727,34.354722],[126.781098,34.357856],[126.784028,34.368598],[126.793305,34.378892],[126.819672,34.389065],[126.824718,34.395209],[126.833263,34.396959],[126.85377,34.39175],[126.861095,34.392768],[126.860199,34.398871],[126.853526,34.406887],[126.845876,34.413967],[126.836599,34.418647],[126.835785,34.421047],[126.840994,34.425482],[126.84018,34.432074],[126.83546,34.438056],[126.823009,34.439846],[126.802257,34.435777],[126.782481,34.426744],[126.768403,34.411363],[126.761485,34.398749],[126.756847,34.39289],[126.753184,34.386949],[126.757579,34.383246],[126.762462,34.382961]]}},{"type":"Feature","properties":{},"geometry":{"type":"LineString","coordinates":[[128.294607,34.639553],[128.29713,34.637315],[128.295665,34.631985],[128.286062,34.622219],[128.281749,34.619859],[128.27532,34.619086],[128.26588,34.620836],[128.258067,34.6199],[128.247406,34.615546],[128.242198,34.611518],[128.236257,34.61046],[128.235281,34.614203],[128.23878,34.620592],[128.237804,34.625759],[128.233409,34.629381],[128.229666,34.630072],[128.225271,34.632839],[128.225678,34.637844],[128.228363,34.642401],[128.22877,34.647854],[128.232758,34.651028],[128.239513,34.652411],[128.271169,34.638495],[128.271251,34.63231],[128.275808,34.631903],[128.294607,34.639553]]}},{"type":"Feature","properties":{},"geometry":{"type":"LineString","coordinates":[[128.38583,34.820125],[128.395366,34.823348],[128.410764,34.826522],[128.428226,34.827448],[128.437997,34.819572],[128.440635,34.806735],[128.435334,34.798709],[128.438976,34.793903],[128.434636,34.787882],[128.424572,34.79122],[128.420597,34.789236],[128.420886,34.78672],[128.429101,34.785397],[128.437332,34.779809],[128.433294,34.773784],[128.423083,34.763253],[128.406534,34.763098],[128.399281,34.770716],[128.395363,34.77854],[128.38699,34.778804],[128.388957,34.785363],[128.386206,34.791917],[128.373305,34.793491],[128.368702,34.796537],[128.378272,34.80279],[128.380089,34.810404],[128.370416,34.816686],[128.352395,34.821804],[128.340974,34.818844],[128.334192,34.819132],[128.332049,34.825702],[128.340093,34.832973],[128.351831,34.835422],[128.367247,34.830274],[128.379013,34.82287],[128.38583,34.820125]]}},{"type":"Feature","properties":{},"geometry":{"type":"LineString","coordinates":[[128.239919,34.836168],[128.227306,34.838568],[128.213878,34.830227],[128.207042,34.821031],[128.205821,34.815619],[128.212169,34.807807],[128.223155,34.8015],[128.229015,34.79914],[128.238455,34.796942],[128.241466,34.799994],[128.240733,34.807074],[128.245779,34.809272],[128.256521,34.809272],[128.260509,34.814643],[128.254893,34.822414],[128.239919,34.836168]]}},{"type":"Feature","properties":{},"geometry":{"type":"LineString","coordinates":[[126.340668,34.864081],[126.326508,34.864203],[126.320079,34.865871],[126.318696,34.870551],[126.318126,34.876451],[126.319998,34.88109],[126.335216,34.88939],[126.343923,34.890326],[126.345225,34.896226],[126.33253,34.906724],[126.314708,34.91413],[126.297374,34.917548],[126.286469,34.912909],[126.289806,34.903022],[126.297618,34.894232],[126.29713,34.886908],[126.292654,34.880683],[126.280121,34.877509],[126.279145,34.873277],[126.27589,34.87051],[126.272309,34.866767],[126.251964,34.860663],[126.236095,34.859809],[126.230724,34.85456],[126.236827,34.848049],[126.248709,34.844713],[126.26352,34.846666],[126.276622,34.851955],[126.306163,34.855902],[126.310313,34.854071],[126.338227,34.841457],[126.340831,34.83747],[126.337657,34.831732],[126.331309,34.825832],[126.342052,34.822496],[126.361664,34.837388],[126.35963,34.858588],[126.340668,34.864081]]}},{"type":"Feature","properties":{},"geometry":{"type":"LineString","coordinates":[[126.234223,35.047065],[126.23406,35.038316],[126.238048,35.032416],[126.242931,35.027289],[126.254568,35.025092],[126.257172,35.021959],[126.261078,35.024563],[126.264985,35.034247],[126.263194,35.041897],[126.258149,35.047512],[126.255138,35.056383],[126.249197,35.0633],[126.23878,35.06387],[126.229503,35.067328],[126.218516,35.076606],[126.218516,35.081936],[126.222423,35.085639],[126.231619,35.086127],[126.238536,35.091864],[126.236013,35.098375],[126.229828,35.09691],[126.224946,35.096747],[126.22283,35.101142],[126.216645,35.103664],[126.207042,35.099514],[126.198578,35.097113],[126.18922,35.10224],[126.177501,35.10578],[126.164806,35.102281],[126.158702,35.094224],[126.169444,35.073676],[126.174815,35.068264],[126.180512,35.065904],[126.184825,35.06269],[126.189138,35.061957],[126.197927,35.061265],[126.203624,35.057196],[126.229259,35.053656],[126.236095,35.051947],[126.234223,35.047065]]}},{"type":"Feature","properties":{},"geometry":{"type":"LineString","coordinates":[[124.596039,39.430243],[124.59311,39.439032],[124.592865,39.446804],[124.601736,39.449327],[124.612559,39.457139],[124.614431,39.449205],[124.615082,39.447496],[124.617849,39.444281],[124.61907,39.43301],[124.606619,39.428046],[124.602061,39.427395],[124.596039,39.430243]]}},{"type":"Feature","properties":{},"geometry":{"type":"LineString","coordinates":[[124.214651,39.807242],[124.219273,39.810922],[124.217575,39.814864],[124.220272,39.81526],[124.223116,39.816788],[124.220994,39.818974],[124.223426,39.819987],[124.227065,39.821298],[124.230017,39.821172],[124.231896,39.819199],[124.234433,39.817628],[124.235861,39.813482],[124.239887,39.812623],[124.239586,39.809831],[124.239561,39.807657],[124.242788,39.807321],[124.242751,39.804633],[124.241627,39.801856],[124.237835,39.800967],[124.23526,39.798386],[124.23039,39.798261],[124.227397,39.79464],[124.226015,39.791423],[124.223189,39.791557],[124.221201,39.79384],[124.216098,39.794711],[124.211662,39.795157],[124.211533,39.795573],[124.211316,39.799505],[124.212588,39.804049],[124.214651,39.807242]]}}]}